OTU_ID,B01,B02,B03,B04,B05,B06,B07,B08,B09,B10,B11,B12,B13,B14,B15,B16,B17,B18,B19,B20,B21,B22,B23,B24,B25,B26,B27,Taxon
OTU_1,2746,5828,3008,1564,824,3074,1124,1272,630,18138,63902,10156,8234,14404,19790,19238,14038,11126,3256,7640,14802,5150,6186,32738,4430,5490,5166,Umbelopsis_dimorpha
OTU_3,4170,6576,1148,5144,4414,1526,1576,52,3010,2884,5560,1760,2198,3456,7010,4328,7282,3862,1556,196,3546,6342,4222,9548,2218,1590,2884,Mortierella
OTU_7,748,1354,1832,654,888,2034,2072,3534,8444,6072,8156,1840,1532,2786,2982,1068,1604,640,1566,3022,1396,1124,7318,3694,2182,2256,196,Umbelopsis_vinacea
OTU_2,1186,872,1312,56,108,770,2914,8,834,40,96,6,256,32,392,128,374,292,3360,5086,2592,3110,132,14748,50,1362,66,Mortierella
OTU_18,1452,2036,1660,144,32,910,518,224,336,648,3288,1416,1534,1204,550,574,514,444,520,400,496,364,392,2430,800,1418,1510,Oidiodendron_chlamydosporicum
OTU_15,1330,1918,2024,1222,3852,1284,626,928,2090,204,1182,762,340,632,1060,166,832,244,66,132,432,396,526,916,130,92,526,Nectriaceae
OTU_57,1326,1560,1178,546,272,3056,902,144,1056,574,1998,562,892,492,1008,994,1162,452,220,438,850,278,304,1396,94,182,524,Saitozyma_podzolica
OTU_16,288,314,434,524,688,178,76,4,230,266,7226,824,522,1452,1192,2272,398,468,190,280,240,602,250,670,514,276,392,Mortierella_horticola
OTU_9,132,1054,978,896,168,202,66,12,234,1418,7202,2174,760,728,304,1140,118,272,52,44,160,88,10,78,152,498,12,Mortierellaceae
OTU_5,0,0,0,0,0,0,0,0,0,0,8016,0,1788,904,0,2196,0,0,0,0,0,0,0,0,0,0,0,Tricholoma_portentosum
OTU_25,1054,904,1164,338,340,972,896,364,144,110,302,82,140,20,48,78,170,78,184,384,572,404,644,1800,74,322,924,Exophiala_equina
OTU_21,1400,142,0,0,0,0,192,4,42,822,0,0,20,1796,0,0,688,498,2740,608,0,96,2358,4,512,348,82,Inocybe
OTU_62,1078,1514,1072,188,88,254,168,164,100,434,1516,526,572,370,376,280,236,156,84,222,246,98,168,992,140,242,214,Sagenomella_striatispora
OTU_31,366,1828,1058,490,884,566,1002,62,160,194,728,578,1106,468,124,508,300,318,8,28,30,22,38,206,8,36,34,Bifiguratus_adelaidae
OTU_27,372,624,730,442,852,1364,340,18,906,102,628,216,200,170,208,44,258,140,126,356,352,420,464,382,484,154,588,Solicoccozyma_phenolica
OTU_58,392,582,276,348,154,232,586,544,412,92,782,80,188,152,460,880,158,430,80,138,352,116,438,774,70,122,522,Pleotrichocladium_opacum
OTU_19,484,700,1380,0,0,840,3118,2482,236,0,0,0,0,0,0,0,0,0,4,0,0,0,0,0,0,0,0,Thelephora
OTU_12,0,0,0,0,0,0,0,0,0,1348,0,0,0,0,0,1298,0,292,1168,4682,0,0,0,0,122,72,0,Hygrophorus_marzuolus
OTU_49,124,136,110,802,542,412,80,462,104,72,216,16,8,260,90,232,736,252,6,228,732,4,20,1340,134,806,426,Tuber
OTU_6,0,4,8,4,0,0,0,0,0,0,0,0,0,72,0,0,0,0,36,20,850,536,54,6750,0,0,0,Mortierella_pseudozygospora
OTU_37,478,1426,1058,0,0,284,34,254,26,286,1894,146,676,356,86,580,224,406,6,0,8,0,0,0,26,12,0,Sistotrema
OTU_71,696,454,356,176,136,386,156,20,340,62,482,138,132,146,74,192,324,202,56,498,584,132,434,666,68,236,296,Solicoccozyma_terricola
OTU_38,48,164,366,112,614,100,36,0,14,906,1370,418,126,430,590,52,82,34,472,30,182,212,236,152,132,402,60,Mortierella_lignicola
OTU_207,126,250,472,0,0,180,110,1190,106,606,1836,60,348,40,56,588,86,164,216,4,46,0,28,96,228,72,0,Cenococcum
OTU_1407,1632,1646,6,60,164,76,18,0,0,22,52,6,42,322,66,48,184,6,236,0,222,1626,230,32,44,0,12,Mortierella_gamsii
OTU_41,90,164,116,0,0,0,20,188,92,1436,1658,82,270,330,186,340,374,64,240,14,54,94,46,498,90,58,24,Helotiales
OTU_183,260,134,68,676,498,134,204,256,118,702,308,318,486,102,216,42,392,110,26,314,52,146,18,192,60,362,102,Herpotrichiellaceae
OTU_10,0,0,0,0,0,0,0,0,0,0,0,0,0,0,0,0,0,0,0,0,0,0,6286,0,0,0,0,Russula_foetens
OTU_72,440,686,556,152,0,220,100,154,26,222,606,194,326,128,96,116,132,100,118,238,86,74,188,460,164,90,266,Sagenomella
OTU_8,0,0,0,0,0,0,0,0,0,0,0,4,0,0,0,0,0,0,0,8,0,5874,0,4,0,0,0,Helotiales
OTU_11,0,0,0,0,0,0,0,0,0,0,5478,0,172,0,8,106,0,0,0,0,0,0,0,0,0,8,0,Russula_delica
OTU_14,68,0,446,4232,0,0,0,0,0,0,0,0,20,0,0,294,76,0,18,0,0,0,390,0,4,126,0,Inocybe
OTU_30,500,336,234,4,26,52,36,42,32,32,240,56,158,38,48,6,26,10,1566,36,56,766,64,82,898,18,46,Dothideomycetes
OTU_51,108,0,66,14,0,0,8,206,78,42,134,24,128,142,0,58,4,0,868,136,200,212,292,660,856,686,252,Helotiales
OTU_109,80,88,74,298,38,214,20,54,18,464,1818,24,182,122,92,224,180,88,70,0,56,4,10,260,20,10,152,Hyaloscypha_finlandica
OTU_54,0,0,0,0,0,16,0,0,0,318,2784,4,244,488,28,70,194,28,98,0,52,0,0,32,40,0,0,Cenococcum
OTU_39,604,560,594,216,152,366,32,0,30,0,0,8,0,0,0,0,62,0,106,50,10,86,1156,16,34,118,14,Mortierella
OTU_68,210,0,12,0,0,98,396,484,286,364,894,56,90,398,80,370,22,204,32,8,0,0,0,0,4,0,0,Tomentella
OTU_26,0,0,12,0,0,0,524,0,0,0,1914,0,164,0,0,0,0,0,238,170,0,0,622,0,0,0,0,Inocybe
OTU_45,0,56,78,126,8,146,54,0,190,288,82,184,18,86,1290,86,108,216,40,92,56,32,130,4,40,50,32,Mortierella_globulifera
OTU_66,226,234,74,0,56,0,96,24,24,44,110,164,44,804,662,106,324,100,6,0,0,162,20,160,24,0,0,Clonostachys_rosea
OTU_91,40,272,260,84,18,106,918,278,96,4,104,28,54,0,6,34,106,50,0,30,36,172,134,246,0,14,336,Ascomycota
OTU_471,28,44,82,12,4,26,28,12,4,168,868,170,42,46,172,110,116,204,12,82,304,68,52,118,96,426,46,Umbelopsis_dimorpha
OTU_28,0,10,0,0,0,1516,40,1724,0,0,0,0,0,0,0,0,0,0,0,0,0,0,0,0,0,0,0,Leccinellum_corsicum
OTU_88,102,530,206,14,8,134,70,102,40,180,180,138,212,68,18,38,118,16,48,62,38,196,28,404,14,116,42,Umbelopsis_ramanniana
OTU_73,16,14,0,0,0,0,0,0,0,750,350,762,30,220,54,0,0,794,12,8,0,10,98,0,0,0,0,Archaeorhizomyces
OTU_138,76,24,176,0,0,0,6,322,400,16,140,8,116,144,0,96,168,374,334,4,20,34,20,34,78,90,372,Hyaloscypha_finlandica
OTU_76,102,4,26,594,236,240,0,244,28,86,622,52,68,74,28,100,38,42,0,42,100,0,18,42,66,108,38,Geopora
OTU_1756,104,148,192,148,170,486,112,18,352,14,124,28,48,42,62,12,38,32,40,76,96,128,136,78,124,34,80,Solicoccozyma_phenolica
OTU_87,8,62,82,20,10,30,56,126,24,166,1094,142,360,12,4,222,4,56,20,0,172,40,36,100,0,10,22,Cladophialophora
OTU_20,0,0,0,0,0,0,0,0,0,10,28,0,24,120,10,2590,0,4,0,0,0,6,0,0,0,0,0,Hebeloma_vinosophyllum
OTU_1553,10,10,16,18,46,114,266,396,872,36,56,10,14,6,34,12,4,0,40,106,56,44,300,104,42,58,52,Umbelopsis_changbaiensis
OTU_22,0,2434,4,0,16,10,0,0,0,0,0,10,0,0,0,0,0,0,0,0,0,0,0,84,0,0,0,Helotiales
OTU_129,10,6,22,0,4,0,38,22,30,0,166,12,30,136,106,188,56,26,606,252,32,518,0,32,218,0,0,Chaetomium_pachypodioides
OTU_23,0,0,0,0,0,0,4,0,0,4,0,0,2298,0,0,0,0,0,0,0,0,0,0,0,0,0,0,Lyophyllum_fumosum
OTU_263,96,114,110,54,58,172,226,194,70,174,160,106,78,28,132,30,44,12,12,32,42,86,12,200,16,14,26,Helotiales
OTU_24,0,4,0,14,0,0,0,0,0,4,8,4,0,2250,0,4,0,0,0,0,0,0,0,0,0,0,0,Tricholoma_equestre
OTU_291,116,62,64,162,110,152,128,166,42,322,120,200,50,12,56,48,72,26,6,78,98,22,0,68,0,38,20,Helotiales
OTU_32,0,0,0,4,10,10,98,482,1560,0,0,0,0,0,0,0,0,0,0,20,0,0,6,4,0,0,0,Geomyces_auratus
OTU_29,8,0,0,0,0,0,40,0,4,0,8,0,40,4,0,0,0,4,52,108,272,16,34,1300,6,12,250,Helotiales
OTU_36,0,0,0,0,0,128,74,0,0,0,0,0,0,52,4,52,0,0,10,132,118,0,232,1158,116,0,6,Laccaria_bicolor
OTU_232,88,12,40,40,40,64,48,172,60,182,204,92,130,46,44,56,36,60,38,130,58,36,0,128,54,70,64,Herpotrichiellaceae
OTU_64,0,32,176,44,0,0,778,0,174,0,0,0,0,0,0,18,318,360,0,0,0,0,0,0,0,0,48,Mortierella_alpina
OTU_69,20,12,14,0,0,24,26,0,20,292,680,108,158,90,8,136,26,14,20,12,36,0,8,34,0,110,0,Mortierellales
OTU_125,422,0,60,166,0,618,10,0,0,16,4,0,28,326,0,0,0,4,130,0,24,0,0,0,8,0,30,Cortinarius_diasemospermus
OTU_177,154,174,18,18,28,16,0,20,8,468,158,202,186,94,74,10,8,58,4,60,34,8,0,0,0,28,4,Chaetothyriales
OTU_137,50,74,24,0,26,12,160,116,36,0,14,0,142,20,68,28,40,20,178,0,24,314,322,136,8,0,10,Cladophialophora
OTU_103,488,0,0,0,0,0,0,0,0,0,0,0,0,426,0,902,0,0,4,0,0,0,0,0,0,0,0,Inocybe
OTU_43,0,0,4,0,0,0,0,0,0,0,0,0,1160,0,0,94,0,14,492,0,0,0,0,6,12,0,0,Tricholoma_saponaceum
OTU_52,14,12,10,0,74,6,0,0,0,4,1022,114,62,156,58,38,16,14,0,46,12,10,10,20,32,20,8,Penicillium
OTU_1140,62,460,286,58,92,0,0,0,0,4,12,46,344,116,0,70,56,98,0,0,0,0,0,4,0,0,10,Bifiguratus_adelaidae
OTU_161,58,134,26,0,0,0,0,26,0,102,342,22,142,106,26,60,36,32,50,108,32,110,16,148,20,86,34,Helotiales
OTU_80,0,0,0,0,0,0,0,0,0,0,0,0,0,0,0,0,0,0,0,0,0,1628,0,0,6,0,0,Helotiales
OTU_70,0,0,0,0,0,0,0,0,0,0,0,0,0,0,0,0,0,0,0,400,736,0,0,88,0,0,378,Russula_albonigra
OTU_33,0,0,0,0,0,0,0,0,0,0,0,0,0,0,0,0,0,0,0,1588,0,0,0,0,0,0,0,Russula_cyanoxantha
OTU_233,142,26,14,8,4,108,68,64,10,86,250,200,74,0,68,26,78,58,12,0,94,0,0,106,0,56,18,Leohumicola
OTU_206,204,70,136,0,0,0,0,20,0,6,0,0,6,0,0,0,0,0,76,96,94,86,350,254,12,64,82,Lecanoromycetes
OTU_164,216,222,46,302,6,168,4,0,0,0,316,0,6,60,0,6,0,0,0,44,20,26,10,12,52,0,0,Delicatula_integrella
OTU_79,8,18,0,0,0,0,0,18,20,4,66,24,8,10,240,10,52,16,72,0,0,698,4,70,160,0,0,Epicoccum_nigrum
OTU_99,10,38,46,436,350,400,90,0,62,0,6,0,0,0,0,0,0,0,0,0,0,0,0,0,0,0,0,Helotiaceae
OTU_143,62,20,0,0,0,0,0,0,0,28,134,22,170,30,16,58,48,38,216,14,82,258,102,80,12,10,26,Cladophialophora
OTU_97,0,0,0,0,0,0,0,0,0,0,0,0,0,0,0,0,0,0,0,0,136,8,166,792,0,6,306,Herpotrichiellaceae
OTU_61,68,68,12,138,0,724,46,4,0,16,124,0,6,50,26,72,0,22,0,0,0,0,0,0,4,4,0,Lactarius_cistophilus
OTU_149,40,500,94,0,72,0,0,30,0,0,0,0,34,0,0,28,0,0,0,12,0,30,0,106,400,4,0,Sporormiaceae
OTU_127,32,0,0,0,4,0,0,0,0,100,374,10,26,114,42,6,0,0,40,46,108,12,160,148,30,88,0,Helotiales
OTU_94,46,0,0,0,0,0,74,0,0,0,516,12,0,276,0,42,0,14,10,0,44,0,14,12,196,0,76,Tomentella_badia
OTU_144,36,86,106,14,48,24,30,20,0,0,4,4,4,0,60,0,18,10,42,28,86,212,88,276,24,62,42,Helotiales
OTU_67,0,0,0,0,0,0,0,0,0,228,870,192,0,0,0,0,0,0,0,0,0,0,0,32,0,0,0,Inocybaceae
OTU_74,8,4,24,324,950,12,0,0,0,0,0,0,0,0,0,0,0,0,0,0,0,0,0,0,0,0,0,Onygenales
OTU_107,0,6,0,12,4,0,0,0,0,242,772,16,0,26,54,24,54,4,0,8,0,4,0,54,0,0,0,Tomentella
OTU_124,64,0,4,260,0,0,0,0,0,0,0,0,10,0,0,50,0,22,58,30,0,0,22,608,4,66,74,Inocybe_krieglsteineri
OTU_35,0,0,0,0,0,0,0,0,0,1208,0,0,0,0,0,0,0,0,0,0,0,0,62,0,0,0,0,Russula_versicolor
OTU_608,34,92,148,372,74,70,124,4,38,0,142,102,8,4,0,10,10,6,0,0,0,0,0,0,4,0,4,Geminibasidium
OTU_81,0,0,0,0,0,552,194,0,8,0,104,0,4,0,0,28,0,0,46,138,12,8,0,60,40,52,0,Mortierella
OTU_243,176,278,24,208,38,32,8,34,50,32,42,22,14,10,42,4,34,6,90,48,0,0,0,18,30,0,0,Cortinarius
OTU_189,24,8,28,8,16,0,0,0,4,0,0,0,22,0,40,0,12,4,12,6,8,280,68,442,184,20,20,Cladophialophora_minutissima
OTU_116,26,4,10,0,0,0,54,4,0,10,0,0,14,0,0,0,4,4,82,124,198,128,388,80,8,14,24,Cladophialophora
OTU_47,0,0,0,0,0,1152,0,12,0,0,0,0,0,0,0,4,0,0,4,0,0,0,0,0,0,0,0,Tomentella_coerulea
OTU_95,0,0,0,0,0,0,0,0,0,0,1030,12,0,0,118,0,0,4,0,0,0,0,0,0,0,0,0,Archaeorhizomyces
OTU_187,4,20,10,54,16,84,18,4,14,20,0,40,66,4,8,0,0,14,180,28,140,60,144,162,6,4,38,Cladophialophora_chaetospira
OTU_160,52,36,50,448,208,128,54,6,0,0,6,90,52,0,0,0,0,0,0,0,0,0,0,0,0,0,0,Geoglossaceae
OTU_55,0,24,0,842,240,0,0,0,0,0,0,0,18,0,0,0,0,0,0,0,0,0,0,0,0,0,0,Tuber_sphaerospermum
OTU_152,0,0,0,0,0,0,0,0,0,0,0,24,0,0,0,0,0,0,0,0,126,246,588,130,0,0,4,Agaricales
OTU_175,24,98,12,4,70,0,20,48,4,0,10,26,0,24,114,12,64,10,8,0,28,18,166,14,266,20,42,Holtermanniella_festucosa
OTU_93,0,0,0,0,0,0,0,0,0,0,0,0,0,0,0,0,0,0,36,0,0,0,4,490,306,262,0,Russula_violeipes
OTU_130,0,0,0,0,0,0,0,20,8,0,248,12,0,0,22,0,0,0,8,30,190,22,116,304,50,18,40,Leptodontidium
OTU_283,86,38,24,40,64,30,118,26,0,8,72,4,86,0,0,6,20,6,26,90,48,100,44,86,0,12,16,Chaetothyriales
OTU_63,0,0,50,0,0,0,0,0,0,70,0,0,0,0,0,12,0,4,16,6,774,0,0,86,0,0,0,Amanita_excelsa
OTU_241,84,44,40,20,28,0,0,0,0,16,86,44,38,42,46,24,24,10,26,0,38,24,24,200,14,60,32,Eurotiales
OTU_209,68,54,28,6,0,0,0,0,0,0,0,0,10,0,0,0,0,0,54,102,48,66,254,162,16,32,56,GS37
OTU_567,10,8,46,58,98,34,124,126,106,0,0,0,0,10,0,0,0,0,66,0,0,54,40,166,4,4,0,Umbelopsis_angularis
OTU_1265,0,0,0,0,0,0,0,0,0,0,620,0,122,78,0,90,0,0,0,0,0,0,0,0,0,0,0,Tricholoma_portentosum
OTU_53,0,0,0,0,0,0,0,0,0,0,0,0,0,0,0,0,0,0,0,16,0,8,886,0,0,0,0,Inocybe_rimosa
OTU_114,0,0,0,0,0,0,0,0,0,212,144,0,392,0,18,0,0,22,0,0,0,0,114,0,0,0,0,Tomentella_subclavigera
OTU_192,32,4,0,0,0,24,186,0,4,14,84,44,36,60,30,4,112,38,16,48,14,8,10,68,18,40,6,Helotiales
OTU_65,0,0,0,0,0,0,0,0,0,0,10,0,0,0,708,0,0,0,0,0,0,150,0,0,32,0,0,Rhizoscyphus
OTU_165,4,0,0,154,0,0,10,28,4,6,238,34,48,0,12,0,0,0,0,30,0,8,128,0,34,152,0,Terfezia_alsheikhii
OTU_229,44,68,32,10,10,10,6,0,0,30,58,18,20,0,4,18,54,4,24,56,18,96,6,160,8,44,90,Saccharomycetales
OTU_117,0,0,0,0,0,0,0,0,0,0,0,0,198,0,0,70,0,4,38,0,4,48,12,466,0,0,28,Hypocreales
OTU_271,18,48,112,8,74,106,22,24,22,0,48,58,12,0,16,18,4,4,0,16,0,10,10,54,20,106,46,Terfezia_pseudoleptoderma
OTU_126,0,0,0,0,0,0,8,0,0,0,0,0,0,0,0,0,0,0,0,0,0,0,0,846,0,0,0,Inocybe
OTU_258,168,94,74,64,94,40,6,56,26,0,128,0,78,0,4,0,0,0,0,0,0,0,0,0,0,0,0,Herpotrichiellaceae
OTU_445,22,34,48,4,36,0,12,0,0,44,6,4,18,12,118,0,6,16,168,16,8,190,6,32,16,12,0,Chaetothyriales
OTU_59,0,0,0,0,0,0,0,0,0,0,0,0,0,0,0,0,0,0,0,0,0,810,0,0,0,0,0,Teratosphaeriaceae
OTU_265,0,0,0,70,0,0,0,0,0,138,0,4,0,84,0,114,0,80,50,104,76,0,0,0,0,76,0,Sebacina
OTU_278,8,96,26,8,0,24,152,90,8,6,22,12,38,6,0,16,4,14,6,24,8,32,28,66,0,98,0,Gongronella
OTU_139,0,64,26,0,0,42,28,196,334,0,0,8,6,0,4,0,10,6,0,0,20,0,44,0,0,0,0,Geopora_clausa
OTU_128,0,0,0,0,0,0,0,0,0,0,0,0,0,0,0,0,0,0,0,0,32,46,0,10,678,0,4,Rhizopogon
OTU_148,12,0,338,60,38,264,0,0,0,4,0,0,0,0,0,34,0,0,0,0,0,0,0,0,0,0,0,Hebeloma_griseopruinatum
OTU_154,0,72,0,0,0,54,0,0,38,274,24,0,0,0,0,28,4,28,38,18,0,40,0,114,0,14,0,Mortierella_globulifera
OTU_77,0,0,4,586,152,0,0,0,0,0,0,0,0,0,0,0,0,0,0,0,0,0,0,0,0,0,0,Herpotrichiellaceae
OTU_337,130,74,78,36,34,8,12,72,4,4,6,0,0,12,28,64,0,0,10,0,18,0,66,50,24,0,8,Polyschema_sclerotigenum
OTU_141,296,86,16,96,162,22,0,0,0,0,56,0,0,0,0,0,0,0,0,0,0,0,0,0,0,0,0,Herpotrichiellaceae
OTU_307,0,20,16,198,32,152,0,0,0,68,112,6,0,0,30,8,78,0,0,0,0,0,6,4,0,0,4,Amanita_torrendii
OTU_83,0,0,18,0,0,0,0,0,0,54,608,20,0,0,22,0,0,0,0,0,0,0,0,0,0,0,0,Eurotiomycetes
OTU_142,0,32,0,12,10,504,18,0,6,8,0,0,4,36,14,4,10,4,0,40,0,0,8,0,0,0,0,Mycena_aetites
OTU_89,0,0,0,48,0,536,0,42,16,0,0,0,0,0,0,0,0,0,0,64,0,0,0,0,0,0,0,Thelephora_terrestris
OTU_118,46,0,0,0,0,364,0,0,0,0,72,14,0,0,0,0,0,202,0,0,0,0,0,0,0,0,0,Agaricomycetes
OTU_145,28,208,132,8,8,256,10,4,0,0,20,4,10,0,0,0,0,0,0,0,0,0,0,0,0,0,0,Leotiomycetes
OTU_181,0,118,0,0,6,0,0,4,0,4,0,0,0,0,16,0,0,0,162,0,28,266,16,0,60,0,8,Ochroconis
OTU_248,0,8,26,148,82,154,132,76,28,0,0,0,0,0,0,0,0,0,8,0,0,6,0,12,0,0,0,Metarhizium_carneum
OTU_257,4,68,0,0,0,42,452,0,102,0,0,0,0,0,0,0,0,0,0,0,0,0,0,0,0,0,0,Amanita_groenlandica
OTU_329,12,44,10,28,0,0,12,102,78,0,54,0,8,4,80,0,16,10,0,0,16,14,40,26,82,0,24,Nectriaceae
OTU_1546,6,10,4,0,4,0,16,24,0,12,0,8,20,0,0,0,0,4,54,34,110,52,178,96,0,0,24,Chaetothyriales
OTU_82,0,0,0,22,118,514,0,0,0,0,0,0,0,0,0,0,0,0,0,0,0,0,0,0,0,0,0,Metarhizium
OTU_121,0,0,0,0,0,0,0,0,0,0,0,0,0,0,44,0,0,4,12,0,0,56,0,0,522,10,0,Calyptrozyma
OTU_115,78,6,0,4,0,0,0,0,0,0,402,0,0,0,0,0,0,0,72,0,18,26,0,0,22,0,8,Ciboria_cistophila
OTU_1389,4,10,4,0,0,0,0,0,0,12,8,10,56,0,0,0,0,0,50,30,10,28,4,180,16,16,198,Oidiodendron_chlamydosporicum
OTU_194,0,4,0,0,26,12,0,0,0,10,0,0,0,0,6,0,0,60,24,0,0,50,38,276,36,94,0,Boletaceae
OTU_96,0,0,12,0,0,0,0,0,0,0,0,0,0,0,488,4,0,0,4,0,0,120,0,0,0,0,0,Rhizoscyphus
OTU_113,0,0,4,0,0,0,0,0,0,12,0,0,0,0,4,0,0,0,0,0,0,606,0,0,0,0,0,Mortierella_basiparvispora
OTU_182,8,10,14,0,10,0,0,0,50,0,52,4,0,0,12,0,6,0,0,0,16,94,10,18,278,16,28,Naganishia_randhawae
OTU_173,22,4,30,302,72,32,6,0,0,40,28,6,0,0,0,0,0,16,0,18,0,0,0,0,0,20,0,Herpotrichiellaceae
OTU_122,14,6,0,0,6,0,4,0,0,0,0,0,26,10,24,0,0,0,32,0,0,38,0,0,430,0,0,Aureobasidium_pullulans
OTU_1583,0,4,0,0,0,0,0,0,0,22,80,30,6,8,0,20,0,0,22,32,24,60,28,208,20,22,4,Oidiodendron_chlamydosporicum
OTU_217,8,38,28,16,0,0,12,0,0,0,18,8,0,0,0,6,122,0,12,10,26,34,154,56,0,14,26,Nectriaceae
OTU_305,0,0,0,0,4,0,0,0,0,4,42,0,0,0,6,0,0,0,134,18,0,188,0,28,136,14,10,Rhodosporidiobolus
OTU_276,4,10,4,52,18,176,32,0,16,14,106,0,0,10,0,6,0,0,0,0,0,0,0,60,14,32,24,Tuber_gennadii
OTU_326,0,4,0,12,0,0,0,0,0,26,114,16,98,48,152,4,22,54,0,0,10,0,0,0,0,0,0,GS34
OTU_372,90,28,40,42,18,12,82,12,0,4,0,0,0,0,48,0,4,0,22,0,6,86,0,22,0,38,0,Hypocreales_fam_Incertae_sedis
OTU_92,0,0,0,0,0,0,0,0,0,0,0,0,0,506,0,12,0,0,0,32,0,0,0,0,0,0,0,Piloderma
OTU_104,448,26,0,0,0,0,0,0,0,0,38,0,4,18,0,0,0,0,0,0,0,0,0,4,0,0,0,Oidiodendron_flavum
OTU_172,12,68,0,0,8,0,0,0,0,0,302,8,0,10,0,0,0,4,8,0,0,0,0,60,0,58,0,Lachnum
OTU_106,0,0,42,406,0,0,0,0,0,4,28,0,0,0,0,0,0,38,0,0,0,4,6,0,8,0,0,Terfezia_leptoderma
OTU_308,60,28,0,0,110,18,0,0,118,4,42,4,10,12,22,0,16,0,12,0,0,0,8,10,32,4,20,Ascomycota
OTU_174,0,0,10,0,0,0,216,0,0,0,0,0,0,0,0,0,0,0,0,114,0,0,20,160,0,8,0,Mortierella
OTU_340,0,0,138,102,0,0,0,0,0,0,46,68,0,0,0,70,0,102,0,0,0,0,0,0,0,0,0,Thelephoraceae
OTU_111,6,0,10,0,0,16,0,0,28,0,8,0,26,0,4,0,0,0,22,4,4,10,6,0,372,0,4,Coniozyma_leucospermi
OTU_1488,0,0,0,4,4,8,0,0,0,0,12,16,8,0,0,154,0,0,12,14,34,10,122,24,44,40,0,Mortierella_amoeboidea
OTU_169,0,0,0,0,0,0,24,0,0,222,0,0,0,0,0,0,0,0,166,58,0,0,0,10,0,0,6,Thelephoraceae
OTU_490,4,36,0,0,0,54,38,8,16,12,0,6,44,4,6,4,24,10,28,34,0,12,92,24,12,14,4,Trichoderma_trixiae
OTU_176,0,0,0,294,0,0,0,0,0,0,0,0,0,0,186,0,0,0,0,0,0,0,0,0,0,0,0,Inocybe_sambucina
OTU_521,28,18,18,12,0,10,48,58,12,4,22,0,24,10,18,14,30,4,8,14,34,38,22,14,8,0,4,Cladophialophora
OTU_786,0,0,8,10,30,164,28,10,50,0,0,0,0,0,0,10,6,0,62,6,4,0,4,42,6,0,28,Pseudogymnoascus
OTU_131,0,0,0,0,0,4,0,0,0,0,0,0,0,0,0,0,0,0,12,0,440,0,0,4,0,0,6,Athelia
OTU_565,0,0,18,100,0,0,88,10,170,0,0,0,0,14,0,12,0,4,0,0,0,0,10,0,4,0,32,Mortierella_amoeboidea
OTU_331,0,0,4,4,92,10,0,18,12,30,8,0,4,80,154,0,6,0,0,0,16,10,0,0,4,0,0,Hyaloscyphaceae
OTU_705,10,6,0,0,0,0,0,0,0,24,0,0,0,4,4,26,0,128,16,0,0,4,34,158,10,6,22,Pezoloma_ericae
OTU_119,0,0,0,0,0,0,0,0,0,0,0,0,0,0,0,0,0,0,0,0,448,0,0,0,0,0,0,Tomentella
OTU_199,14,30,10,16,248,22,12,18,16,0,0,0,4,0,0,0,4,0,0,6,0,0,0,0,0,0,48,Clohesyomyces_aquaticus
OTU_159,0,0,0,0,0,0,0,0,0,0,294,86,24,0,0,6,0,0,0,0,0,0,0,0,28,0,0,Cortinarius_misermontii
OTU_185,0,76,0,0,16,4,0,48,4,0,8,0,0,0,8,0,0,0,0,0,0,42,0,0,220,4,8,Drechslera
OTU_289,0,58,22,0,58,42,42,4,0,16,4,0,0,0,0,0,140,4,14,4,0,0,28,0,0,0,0,Sordaria_fimicola
OTU_272,0,6,14,54,0,50,24,136,58,24,28,0,0,0,0,30,0,4,0,0,6,0,0,0,0,0,0,Helvella_pseudolacunosa
OTU_166,0,0,0,0,0,0,0,0,0,248,32,0,12,0,6,62,0,64,0,0,0,0,0,0,0,0,0,Pezoloma_ericae
OTU_390,0,4,50,0,0,134,0,0,0,68,26,0,0,6,0,22,0,98,14,0,0,0,0,0,0,0,0,Boletus_rubriceps
OTU_108,0,0,0,0,0,0,0,0,0,0,0,0,0,0,0,0,0,0,0,420,0,0,0,0,0,0,0,Cortinarius_uraceonemoralis
OTU_195,0,4,0,248,64,12,18,4,0,70,0,0,0,0,0,0,0,0,0,0,0,0,0,0,0,0,0,Herpotrichiellaceae
OTU_158,0,0,0,0,0,0,0,0,0,0,0,0,6,0,0,0,4,0,4,0,12,16,0,0,370,0,4,Helotiales
OTU_319,28,26,0,0,0,0,4,0,12,14,0,82,24,8,8,40,62,6,6,0,0,80,0,4,0,8,0,Herpotrichiellaceae
OTU_135,0,0,0,0,72,0,0,0,0,0,0,0,0,12,8,0,0,0,0,0,0,20,0,0,292,0,0,Tylospora
OTU_155,0,0,0,0,0,0,0,0,0,288,0,14,0,50,44,0,0,0,0,0,0,0,0,0,0,0,0,Archaeorhizomyces
OTU_259,6,10,0,34,0,0,0,0,0,0,98,8,56,0,0,40,0,0,0,0,22,0,0,116,0,0,4,Thelephoraceae
OTU_311,24,0,16,0,0,0,14,0,0,0,18,6,0,4,0,4,4,0,0,90,4,20,0,70,12,44,64,Microbotryomycetes
OTU_157,0,0,0,0,0,0,4,0,0,0,0,0,0,0,0,0,0,0,0,0,0,386,0,0,0,0,0,Ascomycota
OTU_454,44,0,0,0,0,0,16,0,6,0,0,0,38,4,0,0,0,0,46,22,22,10,6,88,14,58,14,Oidiodendron_pilicola
OTU_197,0,0,0,0,0,0,0,0,18,4,4,0,6,84,0,0,0,4,200,0,0,8,48,0,0,0,0,Inocybe
OTU_153,0,0,4,0,0,4,0,0,0,0,0,0,0,0,0,366,0,0,0,0,0,0,0,0,0,0,0,Inocybe
OTU_184,0,0,0,0,0,0,0,0,0,0,0,0,0,0,0,0,0,0,0,184,0,176,0,0,0,12,0,Archaeorhizomyces
OTU_374,24,72,4,0,148,22,0,0,92,0,6,0,0,0,0,0,0,0,0,0,0,0,0,0,0,0,0,Chaetothyriales
OTU_1319,0,0,0,0,0,0,0,0,0,42,0,20,0,62,6,172,0,4,0,0,0,0,0,40,4,8,0,Amanita
OTU_200,0,0,0,0,4,0,0,0,0,0,280,0,46,14,0,0,0,0,12,0,0,0,0,0,0,0,0,Cenococcum_geophilum
OTU_274,16,30,34,40,28,108,14,0,0,0,0,0,58,0,0,0,0,6,0,8,0,0,0,0,0,4,0,Agaricomycetes
OTU_171,16,0,0,0,0,320,0,0,8,0,0,0,0,0,0,0,0,0,0,0,0,0,0,0,0,0,0,Gymnostellatospora_canadensis
OTU_350,0,0,8,12,0,12,20,26,4,110,66,0,26,18,0,6,0,0,0,0,0,0,0,8,0,28,0,Oidiodendron_maius
OTU_509,0,32,18,0,0,4,48,0,12,0,0,6,48,0,0,56,32,20,42,0,0,0,0,0,0,0,26,Cortinarius
OTU_452,0,42,10,0,96,0,0,20,20,0,8,6,0,0,0,0,0,0,0,24,0,8,0,8,60,0,36,Bipolaris_brizae
OTU_1724,8,0,0,0,0,14,28,206,68,0,0,0,0,12,0,0,0,0,0,0,0,0,0,0,0,0,0,Helotiales
OTU_334,0,0,0,88,0,0,68,76,30,18,4,0,0,0,0,12,0,20,0,0,0,0,0,0,4,0,14,Geopora_clausa
OTU_418,12,0,22,0,0,0,0,0,0,0,12,0,8,0,0,0,0,14,42,0,0,42,0,142,36,4,0,Herpotrichiellaceae
OTU_136,0,0,0,0,0,0,0,0,0,0,310,0,0,0,0,0,0,0,4,14,0,0,0,0,0,0,0,Amanita_pantherina
OTU_146,0,0,0,0,0,0,0,0,0,0,0,18,0,0,0,0,0,0,8,0,32,0,12,244,0,0,12,Sistotrema
OTU_239,0,4,38,0,0,0,88,0,0,0,0,0,0,0,0,0,0,0,0,28,14,0,4,138,0,4,8,Mortierella
OTU_414,6,4,14,56,52,42,0,0,0,16,0,64,4,8,0,4,0,0,4,0,0,0,26,0,0,26,0,Rasamsonia
OTU_583,0,0,0,0,28,0,0,0,0,0,62,0,0,0,8,4,0,18,0,0,4,40,46,50,36,30,0,Trichoderma
OTU_213,12,0,0,144,134,26,0,0,0,0,0,0,0,0,0,0,0,0,0,0,0,0,0,0,0,0,0,Herpotrichiellaceae
OTU_362,48,4,0,0,0,0,0,0,0,6,46,10,16,0,0,0,0,8,18,16,10,24,88,10,0,4,8,Chaetothyriales
OTU_377,6,8,14,52,8,14,22,0,4,0,44,0,0,6,0,0,0,4,10,12,14,4,16,62,4,6,4,Metapochonia_bulbillosa
OTU_399,20,0,0,0,0,0,0,0,4,6,0,0,6,0,0,0,0,0,4,6,0,26,108,14,116,0,0,Constantinomyces_nebulosus
OTU_251,4,148,0,0,0,30,0,0,0,0,44,0,12,50,0,0,0,0,0,0,8,0,0,0,0,0,10,Minimedusa_polyspora
OTU_264,4,12,12,10,0,0,4,0,0,34,126,32,10,20,10,24,4,0,0,0,4,0,0,0,0,0,0,Mortierella
OTU_208,0,6,0,142,156,0,0,0,0,0,0,0,0,0,0,0,0,0,0,0,0,0,0,0,0,0,0,Herpotrichiellaceae
OTU_455,16,36,16,0,4,46,46,0,42,18,20,12,20,0,12,0,12,4,0,0,0,0,0,0,0,0,0,Mortierella
OTU_230,0,0,0,0,0,0,4,98,4,0,0,0,0,0,0,0,0,0,30,0,0,160,0,0,0,0,6,Chaetothyriales
OTU_222,0,4,0,0,0,0,0,0,0,22,0,0,0,0,0,0,0,0,0,10,0,0,0,248,0,16,0,Lachnum
OTU_416,0,0,4,8,0,0,0,0,0,24,46,32,14,36,44,0,14,0,0,70,0,0,4,0,0,0,0,Chaetothyriales
OTU_365,0,0,0,0,0,0,0,0,0,44,118,26,30,20,4,12,4,0,10,0,12,0,0,8,0,4,0,Hyaloscyphaceae
OTU_356,22,10,16,4,8,64,4,0,0,0,0,0,0,0,0,0,0,0,52,0,0,8,56,10,34,0,0,Chrysozymaceae
OTU_1173,0,0,0,6,0,0,0,0,4,0,0,0,16,0,0,0,0,0,12,0,0,4,0,0,244,0,0,Helotiales
OTU_411,66,34,32,4,0,0,10,0,0,0,16,0,0,0,0,0,0,0,8,8,0,20,32,56,0,0,0,Tremellomycetes
OTU_1626,0,0,0,0,0,0,0,0,0,72,0,22,6,166,0,0,0,0,0,14,0,4,0,0,0,0,0,Archaeorhizomyces
OTU_358,18,32,8,34,66,0,0,0,36,10,8,8,0,10,22,0,6,0,0,0,0,0,4,0,0,0,16,Mortierellales
OTU_210,0,0,0,0,0,0,0,0,0,0,46,228,0,0,0,0,0,0,0,0,0,0,0,0,0,0,0,Archaeorhizomyces
OTU_325,0,0,80,52,0,16,0,0,14,0,30,0,40,0,0,0,0,0,10,0,0,0,0,4,0,28,0,Tomentella
OTU_512,0,44,0,0,0,4,0,0,0,0,32,0,0,0,10,12,0,0,116,0,0,12,0,4,38,0,0,Serendipitaceae
OTU_547,52,44,32,0,10,36,8,22,4,8,12,8,8,4,0,0,0,0,6,0,4,6,0,8,0,0,0,Penicillium_roqueforti
OTU_300,14,8,4,28,0,0,6,0,24,4,0,102,0,0,12,0,0,0,4,0,0,58,0,0,0,0,0,Mortierella_amoeboidea
OTU_280,0,8,6,6,4,4,0,4,10,6,102,0,26,6,0,74,0,4,0,0,0,0,0,0,0,0,0,Oidiodendron_maius
OTU_314,18,34,52,0,0,0,0,12,6,0,0,0,4,0,0,0,22,86,0,0,0,0,0,6,0,0,20,Eurotiales
OTU_360,0,0,0,0,0,0,0,0,0,0,152,0,0,0,0,0,0,0,0,0,0,0,0,96,12,0,0,Thelephoraceae
OTU_1422,4,22,0,0,0,0,0,0,0,4,0,0,0,10,0,14,0,52,10,0,0,0,6,112,4,20,0,Pezoloma_ericae
OTU_421,12,12,0,0,0,0,0,0,4,0,42,38,6,10,26,4,14,0,4,0,4,62,0,10,4,0,0,Chaetothyriales
OTU_446,6,28,46,12,0,4,20,14,0,24,26,14,0,0,4,4,6,0,0,0,0,0,10,28,0,0,6,Ascomycota
OTU_255,0,0,0,0,0,0,0,0,0,0,0,0,0,0,0,0,0,0,126,0,0,114,0,0,10,0,0,Tomentella
OTU_510,46,58,16,32,54,42,0,0,0,0,0,0,0,0,0,0,0,0,0,0,0,0,0,0,0,0,0,Chaetothyriales
OTU_658,20,22,4,24,20,44,8,6,10,0,64,4,10,12,0,0,0,0,0,0,0,0,0,0,0,0,0,Hypocreales
OTU_963,16,0,32,0,0,0,0,0,0,0,46,8,6,12,32,0,12,12,0,16,12,0,10,0,32,0,0,Tremellomycetes
OTU_201,0,0,0,0,0,0,0,0,0,0,0,14,0,224,0,0,0,0,0,0,6,0,0,0,0,0,0,Pseudotomentella
OTU_1445,0,14,0,112,0,88,4,0,0,0,0,0,0,4,0,0,0,20,0,0,0,0,0,0,0,0,0,Agaricales
OTU_309,90,16,6,12,6,28,4,24,6,4,0,24,0,0,0,0,14,8,0,0,0,0,0,0,0,0,0,Agaricales
OTU_242,22,6,18,0,0,0,0,14,6,4,140,10,0,0,0,0,0,0,12,4,0,4,0,0,0,0,0,Leotiomycetes
OTU_336,0,0,0,0,0,0,0,0,0,0,0,4,0,0,68,0,10,4,36,0,0,46,0,0,72,0,0,Helotiales
OTU_163,0,0,0,0,0,0,0,0,0,230,6,0,0,0,0,0,0,0,0,0,0,0,0,0,0,0,0,Tomentella_botryoides
OTU_1666,14,0,18,122,40,24,6,0,0,0,0,0,4,0,0,4,0,4,0,0,0,0,0,0,0,0,0,Geminibasidium
OTU_250,4,0,0,0,0,0,0,0,0,0,230,0,0,0,0,0,0,0,0,0,0,0,0,0,0,0,0,Cortinarius_croceus
OTU_359,16,34,14,4,82,30,0,22,4,0,0,10,0,0,0,4,0,0,0,0,0,6,0,8,0,0,0,Dothideomycetes
OTU_273,10,100,8,0,0,0,12,16,6,0,6,4,0,6,0,16,0,4,0,0,6,0,0,6,0,0,32,Gliomastix_tumulicola
OTU_253,0,0,0,0,0,0,0,0,0,0,0,0,8,0,198,0,18,4,0,0,0,0,0,0,0,0,0,Geoglossaceae
OTU_212,0,0,0,0,0,224,0,0,0,0,0,0,0,0,0,0,0,0,0,0,0,0,0,0,0,0,0,Cortinarius_badioflavidus
OTU_386,0,4,0,0,0,0,0,12,20,0,0,0,0,16,38,0,52,80,0,0,0,0,0,0,0,0,0,Paraphoma_radicina
OTU_316,0,0,0,0,0,0,0,0,0,0,0,0,0,0,210,0,0,0,0,0,0,8,0,0,0,0,0,Eurotiomycetes
OTU_572,28,6,0,0,0,6,4,38,0,0,42,0,8,20,10,24,0,0,4,6,0,0,0,14,0,6,0,Ascomycota
OTU_430,0,0,0,0,0,8,0,0,0,0,0,0,0,168,0,8,0,4,14,4,0,0,0,0,8,0,0,Cenococcum
OTU_306,0,0,0,0,0,0,0,0,0,0,0,0,0,0,100,0,0,112,0,0,0,0,0,0,0,0,0,Ascomycota
OTU_1518,30,0,0,0,0,0,0,0,0,0,44,0,0,0,0,4,0,0,0,0,20,0,0,112,0,0,0,Hyaloscypha_finlandica
OTU_328,0,0,0,4,0,46,0,16,0,0,114,0,0,8,0,0,6,0,0,0,16,0,0,0,0,0,0,Dermateaceae
OTU_180,0,0,4,0,0,204,0,0,0,0,0,0,0,0,0,0,0,0,0,0,0,0,0,0,0,0,0,Hymenogaster_huthii
OTU_196,0,0,0,0,0,0,0,0,0,0,0,0,0,0,0,0,0,0,0,0,0,208,0,0,0,0,0,Dothideomycetes
OTU_322,6,186,0,0,0,0,0,0,0,0,0,0,0,0,0,0,0,0,0,0,8,4,0,0,4,0,0,Serendipita
OTU_376,0,0,0,0,0,58,34,14,96,0,0,0,0,0,0,0,0,0,0,0,6,0,0,0,0,0,0,Helotiales
OTU_245,0,0,0,0,0,0,0,0,0,0,0,0,0,0,0,0,0,0,0,0,0,0,0,0,204,0,0,Neoconiothyrium_hakeae
OTU_190,0,0,0,0,0,0,0,0,0,0,0,0,0,0,0,0,0,0,0,0,202,0,0,0,0,0,0,Mortierella_angusta
OTU_460,4,0,4,4,0,0,0,0,0,0,0,0,0,0,0,0,0,0,10,16,6,100,24,34,0,0,0,Herpotrichiellaceae
OTU_1117,0,0,0,0,0,0,0,0,0,0,0,0,0,0,92,0,0,16,16,4,8,4,0,44,14,0,0,Pezoloma_ericae
OTU_354,58,84,0,0,10,0,0,0,0,0,8,32,0,6,0,0,0,0,0,0,0,0,0,0,0,0,0,Tremellales
OTU_527,6,12,18,4,10,22,8,6,4,6,42,18,4,0,0,0,10,0,0,22,0,0,0,0,0,4,0,Sordariomycetes
OTU_286,0,0,10,0,0,0,144,0,38,0,0,0,0,0,0,0,0,0,0,0,0,0,0,0,0,0,0,Inocybe
OTU_178,0,0,0,0,0,0,0,0,0,0,0,0,0,0,190,0,0,0,0,0,0,0,0,0,0,0,0,Serendipitaceae
OTU_333,0,0,0,0,0,0,0,0,0,0,0,0,0,0,0,0,0,0,26,68,84,6,0,6,0,0,0,Pezoloma_ericae
OTU_299,0,86,0,8,68,0,0,0,0,0,0,0,4,0,0,0,0,0,22,0,0,0,0,0,0,0,0,Phialocephala
OTU_548,0,30,52,4,0,56,16,4,0,0,0,0,0,0,0,0,0,0,0,0,4,0,0,0,0,0,22,Sagenomella
OTU_292,0,4,0,0,0,0,0,0,0,0,0,0,0,4,0,0,0,0,6,0,52,16,0,102,0,0,0,Pezoloma_ericae
OTU_602,12,8,0,30,52,16,10,0,0,4,0,22,0,0,14,0,8,8,0,0,0,0,0,0,0,0,0,Ceratobasidiaceae
OTU_338,0,0,96,0,0,0,22,0,0,0,0,0,0,0,0,0,0,0,0,0,0,0,0,64,0,0,0,Inocybe
OTU_431,10,18,0,12,0,76,10,16,30,0,0,0,0,0,0,0,4,0,0,0,0,0,0,0,0,0,0,Capronia
OTU_193,0,0,0,0,0,0,0,0,0,162,0,0,0,0,0,0,0,0,0,12,0,0,0,0,0,0,0,Mortierella_gemmifera
OTU_443,32,10,0,4,16,0,4,4,24,0,22,0,0,0,0,4,0,0,0,0,54,0,0,0,0,0,0,Leotiomycetes
OTU_1656,10,0,162,0,0,0,0,0,0,0,0,0,0,0,0,0,0,0,0,0,0,0,0,0,0,0,0,Thelephora
OTU_341,4,68,4,0,10,4,16,0,0,0,0,0,0,10,14,0,4,12,12,0,0,10,0,4,0,0,0,Tremellodendropsidales
OTU_348,84,20,0,0,0,0,0,0,0,0,0,0,6,0,0,0,0,0,0,0,0,62,0,0,0,0,0,Helotiales
OTU_252,0,0,0,0,0,0,0,0,0,0,0,0,0,0,124,0,46,0,0,0,0,0,0,0,0,0,0,Geoglossaceae
OTU_479,14,38,10,0,0,0,0,0,12,0,4,14,12,12,8,12,10,24,0,0,0,0,0,0,0,0,0,Sporidiobolales
OTU_757,0,0,0,0,0,0,4,32,0,0,0,0,0,14,16,0,4,0,44,0,16,40,0,0,0,0,0,Cladophialophora
OTU_678,0,0,0,0,0,0,0,8,0,4,14,10,12,0,20,0,24,0,26,0,0,46,0,0,0,0,4,Cladophialophora
OTU_820,0,16,16,4,0,22,4,28,22,0,6,0,0,8,16,0,0,16,0,0,0,0,8,0,0,0,0,Tomentella
OTU_1224,38,0,26,0,0,0,14,0,0,10,0,0,0,52,0,16,6,0,0,0,0,0,0,0,0,0,0,Hyaloscypha_finlandica
OTU_227,0,18,0,0,0,0,0,0,8,0,0,0,0,0,0,0,0,0,0,0,0,0,0,0,136,0,0,Aureobasidium
OTU_228,0,130,0,0,12,0,8,8,0,0,0,0,0,0,0,0,0,0,0,0,0,4,0,0,0,0,0,Fusicolla_septimanifiniscientiae
OTU_1573,0,0,60,4,0,14,0,0,0,0,42,0,0,0,0,0,0,0,0,0,0,0,0,40,0,0,0,Tomentella_badia
OTU_211,0,0,0,0,0,0,0,0,0,160,0,0,0,0,0,0,0,0,0,0,0,0,0,0,0,0,0,Inocybe_amblyospora
OTU_218,0,160,0,0,0,0,0,0,0,0,0,0,0,0,0,0,0,0,0,0,0,0,0,0,0,0,0,Helotiales
OTU_1402,0,0,0,0,0,0,0,0,0,0,22,6,0,30,0,0,16,0,10,0,20,0,26,28,0,0,0,Rasamsonia
OTU_366,14,0,72,0,0,0,4,0,18,8,0,0,0,0,0,0,0,0,8,0,0,20,0,0,10,4,0,Agaricales
OTU_495,10,22,36,0,18,24,8,10,0,0,0,0,4,0,0,0,0,0,0,0,0,0,0,0,0,0,24,GS37
OTU_224,0,0,0,0,154,0,0,0,0,0,0,0,0,0,0,0,0,0,0,0,0,0,0,0,0,0,0,Psathyrella_globosivelata
OTU_397,0,6,6,6,20,0,0,10,4,14,58,8,6,4,0,0,12,0,0,0,0,0,0,0,0,0,0,Cladophialophora
OTU_413,0,64,0,0,72,4,0,6,0,0,0,0,0,0,0,0,0,0,0,0,4,0,0,4,0,0,0,Helotiales
OTU_343,0,0,0,4,0,0,0,0,0,0,0,0,0,38,8,96,0,0,6,0,0,0,0,0,0,0,0,Amanita_excelsa
OTU_596,4,24,8,36,4,34,10,4,4,0,0,0,0,0,12,0,10,0,0,0,0,0,0,0,0,0,0,Clavaria
OTU_611,24,20,8,6,24,0,0,0,0,0,12,16,6,0,0,0,0,0,0,0,0,22,4,4,4,0,0,Cladophialophora
OTU_339,0,0,0,0,0,0,0,0,0,0,0,0,0,0,0,0,0,0,10,0,8,4,0,126,0,0,0,Cortinariaceae
OTU_795,0,4,4,4,0,20,0,4,0,0,72,0,0,10,0,16,10,0,0,0,0,0,0,0,0,4,0,Trichophaea
OTU_1049,0,40,0,0,0,6,70,0,30,0,0,0,0,0,0,0,0,0,0,0,0,0,0,0,0,0,0,Amanita_groenlandica
OTU_440,0,0,0,0,0,0,0,0,0,0,0,0,0,0,0,0,0,0,0,28,12,0,44,40,0,22,0,Helotiales
OTU_444,0,0,0,0,0,0,0,0,0,0,0,0,4,0,0,0,0,0,6,0,0,72,4,0,60,0,0,Phaeosphaeriaceae
OTU_214,0,0,0,0,0,138,0,0,0,0,0,0,0,0,0,0,6,0,0,0,0,0,0,0,0,0,0,Hymenogaster_huthii
OTU_315,0,0,6,0,0,0,0,0,0,0,0,4,0,8,0,4,0,0,14,0,0,16,6,0,86,0,0,Tomentella
OTU_485,0,0,0,0,0,0,0,38,0,0,0,0,0,0,0,0,0,0,0,0,68,0,0,0,0,0,38,Herpotrichiellaceae
OTU_486,0,0,0,16,0,6,0,0,0,22,4,44,4,0,0,0,0,0,0,0,20,0,0,14,0,0,14,Venturiales
OTU_500,0,0,0,0,14,0,0,8,0,8,0,0,4,0,0,0,0,4,8,18,6,10,4,54,6,0,0,Trichoderma
OTU_447,0,0,0,0,0,0,0,0,0,0,0,0,0,0,0,0,0,0,40,48,0,0,42,0,0,12,0,Tomentella_terrestris
OTU_480,30,0,72,0,0,0,8,0,0,0,0,0,0,0,0,0,0,0,0,20,0,0,0,6,0,0,6,Capnodiales
OTU_491,12,10,14,8,18,36,0,18,18,0,0,0,0,0,0,0,0,0,0,0,0,4,0,0,0,0,4,Devriesia
OTU_442,0,0,0,0,0,0,0,0,0,0,0,0,0,0,4,0,16,0,0,0,0,30,0,0,88,0,0,Exophiala_xenobiotica
OTU_287,0,0,0,0,0,0,0,0,0,0,0,0,0,0,136,0,0,0,0,0,0,0,0,0,0,0,0,Inocybe_ericetorum
OTU_378,0,0,0,0,0,0,0,0,0,0,0,0,0,0,0,0,0,0,0,4,0,0,4,128,0,0,0,Clavaria_falcata
OTU_379,0,0,0,0,0,0,0,0,0,0,0,0,0,0,0,0,0,0,0,30,6,0,58,42,0,0,0,Chaetothyriales
OTU_388,0,0,0,0,0,0,0,0,0,0,0,0,0,0,28,0,66,0,4,0,6,4,6,6,0,14,0,Helotiales
OTU_395,4,0,0,0,0,0,0,0,0,0,0,0,0,0,0,0,0,0,4,0,20,0,66,40,0,0,0,Ascomycota
OTU_448,4,20,46,0,0,0,0,0,6,0,20,0,0,0,0,0,38,0,0,0,0,0,0,0,0,0,0,Clavaria_falcata
OTU_579,0,0,0,0,0,8,36,0,0,4,6,6,8,16,32,0,0,4,0,0,0,4,0,0,0,10,0,Helotiales
OTU_986,0,0,0,0,0,6,118,0,8,0,0,0,0,0,0,0,0,0,0,0,0,0,0,0,0,0,0,Mortierella
OTU_346,0,0,0,58,72,0,0,0,0,0,0,0,0,0,0,0,0,0,0,0,0,0,0,0,0,0,0,Tuber_gennadii
OTU_417,4,6,6,16,8,52,20,0,14,0,0,0,0,0,0,0,0,0,0,4,0,0,0,0,0,0,0,Udeniozyma
OTU_244,0,0,0,0,0,0,0,0,0,0,0,0,0,0,128,0,0,0,0,0,0,0,0,0,0,0,0,GS34
OTU_647,0,4,0,16,0,12,12,24,56,0,0,0,0,0,0,0,0,0,0,4,0,0,0,0,0,0,0,Xenoacremonium_falcatum
OTU_266,0,0,0,0,0,4,0,0,0,0,0,108,0,0,0,0,0,0,0,0,4,10,0,0,0,0,0,Tremella
OTU_383,66,24,0,0,16,6,0,0,0,0,0,0,0,0,0,0,0,0,0,0,0,14,0,0,0,0,0,Cladophialophora
OTU_688,24,6,4,0,4,0,0,0,0,0,0,0,8,0,0,0,0,0,4,14,0,10,24,14,0,10,4,GS37
OTU_246,0,0,0,0,0,0,0,0,0,0,0,0,0,0,0,0,0,0,0,0,0,0,0,0,124,0,0,Polyscytalum_neofecundissimum
OTU_371,0,0,0,0,0,0,124,0,0,0,0,0,0,0,0,0,0,0,0,0,0,0,0,0,0,0,0,Inocybe_subnudipes
OTU_522,0,4,0,4,4,0,10,38,14,4,16,0,4,0,0,4,0,0,4,0,6,4,0,0,0,0,8,Cladophialophora
OTU_1465,14,30,0,0,0,0,0,0,0,0,0,0,4,0,0,0,16,0,18,16,0,8,0,12,0,4,0,Leucosporidiales
OTU_324,0,0,0,12,0,0,8,0,0,0,0,84,0,0,0,0,0,0,0,0,0,6,0,6,0,0,4,Agaricales
OTU_473,0,0,0,0,0,0,0,0,0,8,20,0,0,0,0,0,0,0,0,0,0,38,0,6,40,8,0,Geminibasidium_donsium
OTU_677,12,0,8,0,0,0,0,0,4,0,0,0,0,0,0,0,0,0,28,0,0,20,0,6,12,0,30,Helotiales
OTU_691,0,10,6,0,0,4,0,0,32,0,22,8,8,12,4,0,0,6,0,4,0,0,0,0,0,4,0,Hebeloma_cistophilum
OTU_1031,0,0,0,0,0,0,0,0,0,0,0,0,0,0,0,0,0,0,96,0,0,0,0,0,22,0,0,Cortinarius_fragrantissimus
OTU_467,0,0,44,0,0,6,0,0,0,0,0,0,0,0,0,0,0,0,20,0,0,24,0,18,6,0,0,Syzygospora
OTU_740,0,14,0,0,0,0,0,0,0,0,8,0,4,0,16,0,0,14,38,0,0,20,0,0,0,4,0,Mortierella_amoeboidea
OTU_918,0,0,0,0,0,0,66,30,10,0,0,0,0,0,0,0,0,0,12,0,0,0,0,0,0,0,0,Ascomycota
OTU_268,0,0,0,0,0,0,0,0,0,0,0,0,0,0,6,0,0,0,0,0,0,8,4,0,0,0,98,Pseudeurotium
OTU_290,0,0,0,0,0,0,0,0,0,0,0,0,0,0,0,0,0,0,0,0,0,0,0,18,10,88,0,Helotiales
OTU_462,0,0,0,0,0,6,0,56,0,0,0,4,8,0,0,0,20,0,0,4,0,0,0,8,0,10,0,Trichoderma_spirale
OTU_593,0,0,40,0,0,14,10,6,36,0,0,0,0,0,0,0,0,0,0,0,0,0,0,10,0,0,0,Talaromyces_albobiverticillius
OTU_304,0,0,0,0,0,0,0,0,0,0,0,0,0,0,0,0,0,0,0,0,0,114,0,0,0,0,0,Candelaria
OTU_342,0,0,0,0,0,0,0,0,0,0,0,0,0,0,0,0,0,0,114,0,0,0,0,0,0,0,0,Mycena_epipterygia
OTU_743,0,0,0,0,0,0,0,0,0,38,0,0,0,0,0,0,0,0,6,58,0,0,0,0,0,12,0,Mortierella_basiparvispora
OTU_254,0,0,110,0,0,0,0,0,0,0,0,0,0,0,0,0,0,0,0,0,0,0,0,0,0,0,0,Piloderma
OTU_476,0,0,0,0,0,0,0,0,0,0,36,28,0,0,42,0,4,0,0,0,0,0,0,0,0,0,0,Ascomycota
OTU_505,0,0,4,0,0,4,0,0,0,62,0,0,0,0,14,0,0,0,0,20,6,0,0,0,0,0,0,Mortierellaceae
OTU_618,14,12,28,0,0,0,0,0,0,0,4,0,0,0,0,0,0,0,0,0,0,0,10,22,0,0,20,Herpotrichiellaceae
OTU_494,6,0,40,0,0,4,0,0,0,0,0,0,0,0,0,0,0,0,0,0,6,8,0,0,0,0,44,Cladobotryum_tenue
OTU_652,0,0,0,0,0,0,10,44,12,0,0,12,0,0,0,0,0,0,18,0,0,12,0,0,0,0,0,Archaeorhizomyces
OTU_637,26,0,4,0,0,0,0,4,0,0,0,0,0,0,0,0,0,0,0,0,6,0,12,30,0,0,22,Helotiales
OTU_293,0,0,0,102,0,0,0,0,0,0,0,0,0,0,0,0,0,0,0,0,0,0,0,0,0,0,0,Herpotrichiellaceae
OTU_373,0,0,0,0,0,0,12,80,0,0,0,0,0,0,0,8,0,0,0,0,0,0,0,0,0,0,0,Pyronemataceae
OTU_501,0,0,0,0,0,0,0,0,0,4,64,0,0,0,0,0,32,0,0,0,0,0,0,0,0,0,0,Cortinarius_purpurascens
OTU_570,0,0,14,0,0,6,0,0,6,0,32,0,0,0,0,28,0,14,0,0,0,0,0,0,0,0,0,Tomentella
OTU_406,0,10,0,0,0,34,0,0,54,0,0,0,0,0,0,0,0,0,0,0,0,0,0,0,0,0,0,Tomentella
OTU_481,0,0,0,0,0,0,0,16,82,0,0,0,0,0,0,0,0,0,0,0,0,0,0,0,0,0,0,Leotiomycetes
OTU_675,0,0,22,4,0,0,18,0,0,0,0,0,0,0,0,0,0,0,20,0,0,10,4,10,10,0,0,Volutella
OTU_710,0,0,0,0,0,0,0,0,0,0,0,0,0,0,0,0,0,0,4,0,0,36,4,38,0,6,10,Carcinomyces_polyporina
OTU_312,0,0,0,0,0,0,0,0,0,0,0,0,0,0,0,0,0,0,86,0,0,4,0,0,6,0,0,Lecanicillium_fusisporum
OTU_345,4,0,0,0,76,0,0,0,0,0,0,8,0,4,4,0,0,0,0,0,0,0,0,0,0,0,0,Metarhizium_marquandii
OTU_352,0,0,0,0,0,0,0,0,0,0,0,0,0,0,6,0,70,20,0,0,0,0,0,0,0,0,0,Helotiales
OTU_369,92,4,0,0,0,0,0,0,0,0,0,0,0,0,0,0,0,0,0,0,0,0,0,0,0,0,0,Sporidiobolales
OTU_721,0,0,0,0,0,0,0,0,0,8,0,14,22,0,22,0,0,4,4,0,0,0,6,4,12,0,0,Geomyces_auratus
OTU_404,0,0,0,0,0,0,0,0,0,0,0,0,0,0,0,0,0,0,32,0,0,58,0,0,0,4,0,Helotiales
OTU_532,0,0,0,0,0,0,0,0,0,0,0,0,4,6,30,0,0,32,0,22,0,0,0,0,0,0,0,Tomentella
OTU_574,0,0,18,0,0,28,30,0,0,0,0,0,0,0,0,4,6,0,0,0,4,0,0,0,0,4,0,Trimmatostroma_salicis
OTU_317,0,0,0,0,0,0,0,0,0,0,0,0,0,0,0,0,0,0,0,0,0,92,0,0,0,0,0,Herpotrichiellaceae
OTU_318,0,0,0,0,0,0,0,0,0,0,0,0,0,0,0,0,0,0,0,0,0,92,0,0,0,0,0,Ramimonilia_apicalis
OTU_368,0,0,0,0,0,0,0,0,0,0,0,0,0,0,0,0,0,0,0,0,0,0,0,92,0,0,0,Crinipellis_scabella
OTU_391,0,0,0,0,0,0,0,0,92,0,0,0,0,0,0,0,0,0,0,0,0,0,0,0,0,0,0,Cuphophyllus
OTU_449,4,74,0,0,0,0,0,0,0,0,0,0,0,0,0,0,0,14,0,0,0,0,0,0,0,0,0,Cortinarius
OTU_518,0,0,0,0,0,8,0,0,0,0,0,0,0,0,22,0,0,0,6,0,0,4,0,46,0,0,6,Verrucaria
OTU_560,0,8,0,0,0,0,0,0,0,4,0,32,8,0,34,0,0,0,0,0,6,0,0,0,0,0,0,Ascomycota
OTU_576,0,16,8,10,40,0,0,0,0,0,4,0,0,0,0,0,0,0,0,6,0,0,0,8,0,0,0,Ascomycota
OTU_601,0,16,0,0,0,0,0,0,0,0,0,0,0,0,0,0,0,0,14,0,6,56,0,0,0,0,0,Mollisia_cinerea
OTU_660,0,20,0,12,0,0,4,0,0,0,0,8,0,0,10,10,4,20,0,0,0,0,4,0,0,0,0,Helotiales
OTU_756,0,0,0,0,0,0,0,0,0,4,0,0,0,0,0,0,0,0,26,0,8,10,40,4,0,0,0,Cladophialophora_chaetospira
OTU_344,0,0,0,0,0,0,0,0,0,0,0,0,90,0,0,0,0,0,0,0,0,0,0,0,0,0,0,Tomentella
OTU_855,10,4,4,0,0,0,20,18,6,0,0,0,0,0,0,0,0,0,0,4,0,0,0,18,0,0,6,Devriesia
OTU_347,66,0,0,0,0,0,0,0,0,0,0,0,0,0,0,0,0,0,0,0,0,22,0,0,0,0,0,Cladonia_ramulosa
OTU_555,0,0,0,0,0,0,0,0,0,4,10,10,14,16,34,0,0,0,0,0,0,0,0,0,0,0,0,Helotiales
OTU_621,0,4,0,0,0,0,4,18,0,0,0,0,0,0,0,0,0,0,0,0,0,0,0,0,28,28,6,Paraphoma
OTU_766,0,0,4,16,0,12,0,10,0,0,0,4,0,16,0,0,0,0,0,0,0,10,0,0,0,10,6,Mycena_maculata
OTU_825,8,8,0,4,6,4,0,22,26,6,4,0,0,0,0,0,0,0,0,0,0,0,0,0,0,0,0,Chaetothyriales
OTU_313,0,0,0,0,0,0,0,0,86,0,0,0,0,0,0,0,0,0,0,0,0,0,0,0,0,0,0,Tomentella
OTU_387,0,0,0,64,22,0,0,0,0,0,0,0,0,0,0,0,0,0,0,0,0,0,0,0,0,0,0,Helotiales
OTU_438,0,0,0,0,0,0,0,0,0,0,0,22,44,0,0,0,0,0,0,16,0,0,0,0,4,0,0,Eurotiales
OTU_463,0,18,0,0,0,0,0,58,4,0,0,0,0,0,0,0,0,0,0,0,0,4,0,0,0,0,0,Helotiales
OTU_482,0,24,38,12,0,0,0,0,0,0,0,0,0,0,0,0,0,10,0,0,0,0,0,0,0,0,0,Gorgomyces
OTU_871,8,4,22,0,0,8,4,0,0,0,4,0,6,0,0,0,0,4,0,0,4,0,12,8,0,0,0,Hypocreales
OTU_357,12,0,0,0,0,0,70,0,0,0,0,0,0,0,0,0,0,0,0,0,0,0,0,0,0,0,0,Sistotrema
OTU_436,0,50,0,16,0,0,0,0,0,0,12,0,0,0,0,0,0,0,0,0,4,0,0,0,0,0,0,Chaetothyriales
OTU_375,0,8,0,0,4,0,0,0,68,0,0,0,0,0,0,0,0,0,0,0,0,0,0,0,0,0,0,Mucor_circinelloides
OTU_385,0,0,0,0,0,0,0,0,0,0,0,0,0,0,0,4,0,0,0,4,64,0,0,0,0,8,0,Byssoporia_terrestris
OTU_323,0,0,0,0,0,0,0,0,0,0,0,0,0,0,0,0,78,0,0,0,0,0,0,0,0,0,0,GS11
OTU_351,0,0,0,70,0,0,0,0,0,8,0,0,0,0,0,0,0,0,0,0,0,0,0,0,0,0,0,Archaeorhizomyces
OTU_353,0,0,0,0,0,0,0,6,0,72,0,0,0,0,0,0,0,0,0,0,0,0,0,0,0,0,0,Chaetothyriales
OTU_424,0,0,0,0,0,58,0,0,0,0,0,0,0,0,0,0,0,0,0,0,0,0,20,0,0,0,0,Macowanites_chlorinosmus
OTU_427,8,0,0,0,0,14,0,0,0,0,50,0,0,0,0,0,6,0,0,0,0,0,0,0,0,0,0,Serendipitaceae
OTU_499,0,0,0,0,0,0,0,0,6,0,0,0,22,0,0,0,0,0,0,0,0,0,0,50,0,0,0,Galeaticarpa_aomoriensis
OTU_506,0,0,14,52,0,8,4,0,0,0,0,0,0,0,0,0,0,0,0,0,0,0,0,0,0,0,0,Cortinarius_junghuhnii
OTU_531,0,0,6,50,22,0,0,0,0,0,0,0,0,0,0,0,0,0,0,0,0,0,0,0,0,0,0,Bifiguratus_adelaidae
OTU_571,22,0,4,0,0,6,0,0,0,0,0,0,0,0,0,0,0,0,10,0,8,28,0,0,0,0,0,Hysterangium_separabile
OTU_728,4,0,0,0,0,0,0,18,22,10,0,0,6,0,0,0,0,0,0,0,4,0,0,0,14,0,0,Cladophialophora
OTU_1353,0,0,0,0,0,0,0,0,0,10,24,8,0,6,0,4,0,6,0,0,8,0,0,6,0,4,0,Umbelopsis_dimorpha
OTU_335,0,0,0,0,76,0,0,0,0,0,0,0,0,0,0,0,0,0,0,0,0,0,0,0,0,0,0,Dothideomycetes
OTU_468,0,0,0,0,0,0,4,0,0,0,0,0,0,0,0,0,0,0,0,0,0,40,12,20,0,0,0,Anthostomella_leucospermi
OTU_487,0,0,0,0,0,0,0,4,0,0,20,4,0,0,4,0,36,0,0,0,0,0,0,8,0,0,0,Clitopilus_hobsonii
OTU_537,4,0,14,0,36,0,8,0,0,0,0,0,4,0,0,0,0,0,0,0,0,0,4,6,0,0,0,Lycoperdon_subumbrinum
OTU_389,0,0,0,0,0,0,0,0,0,0,0,0,0,0,0,0,0,0,0,0,0,70,4,0,0,0,0,Eurotiomycetes
OTU_498,0,0,0,0,4,0,50,10,0,0,0,4,0,0,0,0,0,0,0,6,0,0,0,0,0,0,0,Ascomycota
OTU_934,0,12,16,10,8,0,6,6,0,0,10,0,0,0,0,0,0,0,4,0,0,0,0,0,0,0,0,Dothideomycetes
OTU_664,0,0,0,0,0,0,0,0,0,0,0,0,0,0,6,0,6,0,12,0,8,0,18,20,0,0,0,Cephalotheca
OTU_827,0,0,18,0,0,0,0,0,0,0,0,0,0,0,0,0,0,0,0,0,12,8,18,14,0,0,0,GS37
OTU_370,0,0,0,0,0,0,0,0,0,0,0,0,0,0,0,0,0,0,60,8,0,0,0,0,0,0,0,Hypogymnia_tubulosa
OTU_433,0,0,0,6,0,0,6,0,0,0,0,0,0,56,0,0,0,0,0,0,0,0,0,0,0,0,0,Myriodontium_keratinophilum
OTU_437,0,48,0,0,4,0,0,0,12,0,0,0,0,0,4,0,0,0,0,0,0,0,0,0,0,0,0,Sebacinales
OTU_519,0,0,0,0,0,0,0,0,0,0,0,0,0,0,0,0,0,0,0,0,10,0,0,58,0,0,0,Chaetothyriales
OTU_423,0,0,0,0,0,0,0,0,4,0,0,0,0,0,0,0,0,0,0,0,62,0,0,0,0,0,0,Tomentella
OTU_1563,6,44,0,0,0,0,0,0,0,0,0,0,4,10,0,0,0,0,0,0,0,0,0,0,0,0,0,Mortierella_gamsii
OTU_470,0,0,0,0,0,0,0,0,0,0,0,0,0,0,0,0,0,0,20,0,0,0,0,44,0,0,0,Helotiales
OTU_612,0,0,0,0,0,0,0,0,0,0,0,0,0,0,0,0,0,0,16,0,24,6,0,16,0,0,0,Helotiales
OTU_620,0,0,0,0,0,0,4,6,0,0,0,0,0,6,0,24,0,0,0,0,0,0,0,14,0,8,0,Oidiodendron_flavum
OTU_885,0,0,0,16,8,0,0,0,0,0,0,0,0,0,0,0,0,0,0,0,0,0,0,0,22,16,0,Helotiales
OTU_535,0,0,0,0,0,0,0,0,0,0,0,0,0,0,0,0,0,0,0,38,0,0,0,0,0,22,0,Mortierella_macrocystis
OTU_538,0,0,0,0,0,0,0,0,0,0,0,0,0,0,0,0,0,0,0,40,0,10,0,0,0,10,0,Helotiales
OTU_595,0,12,0,0,0,0,0,0,4,0,6,0,0,4,4,0,0,30,0,0,0,0,0,0,0,0,0,Inocybe
OTU_1107,0,0,0,0,0,0,0,6,0,0,44,0,0,0,0,0,0,4,0,0,0,0,0,0,0,4,0,Cenococcum
OTU_1396,0,0,0,0,0,0,0,0,0,0,0,0,0,0,0,0,0,0,4,0,0,46,0,0,8,0,0,Helotiales
OTU_589,0,0,0,0,0,0,0,0,0,0,0,4,4,4,8,4,0,0,0,0,0,30,0,4,0,0,0,Herpotrichiellaceae
OTU_649,0,20,0,0,32,0,0,0,0,0,0,0,0,0,0,0,0,0,0,0,0,0,6,0,0,0,0,Kabatiella
OTU_670,0,0,0,0,0,0,0,0,0,0,4,8,8,0,10,0,0,0,4,0,0,0,0,0,24,0,0,Ascomycota
OTU_422,0,0,0,0,0,0,0,0,0,0,0,0,0,0,0,0,0,0,0,0,0,56,0,0,0,0,0,Anungitea_grevilleae
OTU_425,0,4,0,0,0,0,0,0,0,0,0,0,0,0,0,0,0,0,0,0,0,6,0,0,46,0,0,Auriculariales
OTU_667,0,0,0,0,0,0,0,0,0,0,0,0,0,0,0,0,0,0,0,0,0,36,4,16,0,0,0,Eurotiomycetes
OTU_860,0,0,0,0,0,0,12,34,0,0,0,0,0,0,0,0,0,0,0,0,0,10,0,0,0,0,0,GS33
OTU_1297,0,0,0,22,0,8,18,6,0,0,0,0,0,0,0,0,0,0,0,0,0,0,0,0,0,0,0,Ascomycota
OTU_1628,0,0,0,0,0,0,0,0,0,4,0,8,8,8,18,0,0,0,0,0,0,8,0,0,0,0,0,Ascomycota
OTU_415,6,0,0,0,0,0,0,0,0,0,0,0,0,0,0,0,0,0,48,0,0,0,0,0,0,0,0,Clavulina
OTU_489,0,54,0,0,0,0,0,0,0,0,0,0,0,0,0,0,0,0,0,0,0,0,0,0,0,0,0,Cladophialophora
OTU_544,0,0,30,0,0,8,6,0,0,0,0,0,0,0,0,0,0,0,4,0,0,6,0,0,0,0,0,Helotiales
OTU_554,0,0,0,0,0,0,0,0,0,0,0,0,0,0,0,0,0,0,0,0,30,0,0,24,0,0,0,Craterellus_calicornucopioides
OTU_645,0,0,0,0,0,0,0,0,0,8,0,0,0,0,0,0,0,0,0,0,0,0,0,46,0,0,0,Coltricia_pyrophila
OTU_788,6,0,0,0,0,0,0,0,0,0,0,0,0,0,0,0,0,0,0,16,0,4,0,0,0,14,14,Sordariomycetes
OTU_400,0,0,0,0,0,0,0,0,0,0,0,0,0,0,0,0,0,0,0,0,0,0,0,0,52,0,0,Heterocephalacria
OTU_594,0,0,0,0,0,0,0,0,0,0,0,0,0,0,0,0,0,0,52,0,0,0,0,0,0,0,0,Pezoloma_ericae
OTU_758,0,6,4,0,0,8,4,0,14,0,0,0,0,0,0,0,0,0,0,0,0,0,0,0,0,16,0,Neonectria_candida
OTU_763,0,0,12,6,0,0,0,0,0,0,0,0,0,0,0,0,0,0,0,0,4,0,16,0,0,6,8,Terfezia_cistophila
OTU_781,0,4,0,0,0,0,0,0,24,0,0,0,0,0,0,0,0,0,0,0,0,4,20,0,0,0,0,Mucor_racemosus
OTU_967,14,0,0,0,16,0,0,0,0,0,0,0,0,0,0,0,0,0,0,0,0,12,6,4,0,0,0,Exophiala_nigra
OTU_1023,0,0,0,0,0,0,0,0,0,12,0,0,4,0,0,0,0,0,0,16,8,10,0,0,0,0,0,Helotiales
OTU_428,0,0,0,0,0,0,0,0,50,0,0,0,0,0,0,0,0,0,0,0,0,0,0,0,0,0,0,Cutaneotrichosporon_moniliiforme
OTU_441,0,0,0,0,0,0,0,0,0,0,0,0,0,0,0,0,0,0,0,0,0,0,0,0,50,0,0,Pseudopithomyces_rosae
OTU_456,0,0,0,0,0,0,0,0,0,0,0,0,0,0,0,0,0,0,0,0,0,0,0,50,0,0,0,Ascomycota
OTU_502,0,0,0,44,0,6,0,0,0,0,0,0,0,0,0,0,0,0,0,0,0,0,0,0,0,0,0,Petrakia
OTU_585,0,0,0,24,26,0,0,0,0,0,0,0,0,0,0,0,0,0,0,0,0,0,0,0,0,0,0,Mortierellaceae
OTU_659,0,0,0,0,0,0,0,0,0,0,46,0,0,0,0,0,0,0,0,0,0,0,0,4,0,0,0,Dothideomycetes
OTU_419,0,0,0,0,0,0,0,0,0,0,48,0,0,0,0,0,0,0,0,0,0,0,0,0,0,0,0,Squamanita_odorata
OTU_434,0,0,0,0,0,0,0,0,0,0,0,0,0,0,0,0,0,48,0,0,0,0,0,0,0,0,0,Inocybe
OTU_458,0,0,0,0,0,0,0,0,0,0,0,0,0,0,0,0,0,0,0,0,0,48,0,0,0,0,0,Hyaloscypha
OTU_541,0,32,8,0,0,0,0,0,0,0,0,0,0,0,0,0,0,0,0,8,0,0,0,0,0,0,0,Chaetothyriales
OTU_623,0,0,0,0,0,0,0,0,0,0,0,0,0,0,6,34,8,0,0,0,0,0,0,0,0,0,0,Clavaria_argillacea
OTU_661,0,0,20,18,0,0,0,10,0,0,0,0,0,0,0,0,0,0,0,0,0,0,0,0,0,0,0,Clavaria
OTU_712,6,0,4,22,0,0,0,0,0,4,0,0,4,0,0,0,4,0,0,0,0,0,4,0,0,0,0,Preussia_flanaganii
OTU_793,20,20,0,0,0,0,0,4,0,0,0,4,0,0,0,0,0,0,0,0,0,0,0,0,0,0,0,Archaeorhizomyces
OTU_947,0,0,0,0,0,0,0,0,0,0,0,0,0,0,0,0,0,0,24,0,0,24,0,0,0,0,0,Helotiales
OTU_426,0,0,0,0,0,0,0,0,0,0,0,0,0,0,0,0,0,0,46,0,0,0,0,0,0,0,0,Arachnopeziza_aurelia
OTU_465,0,0,0,0,0,0,0,0,40,0,6,0,0,0,0,0,0,0,0,0,0,0,0,0,0,0,0,Lichenomphalia_velutina
OTU_534,0,0,0,0,0,0,32,0,0,0,0,0,0,0,0,6,0,8,0,0,0,0,0,0,0,0,0,Tomentella
OTU_654,0,0,0,0,0,0,0,0,0,0,0,0,0,0,0,0,0,0,0,0,0,30,0,0,16,0,0,Coniosporium
OTU_848,0,0,26,0,0,0,0,0,0,0,0,0,0,0,0,0,0,0,10,0,0,0,0,0,0,0,10,Cladosporiaceae
OTU_864,0,4,0,0,0,0,0,0,0,0,8,12,10,0,0,0,0,0,0,0,0,0,0,0,0,0,12,Leotiomycetes
OTU_881,0,0,0,0,0,32,0,14,0,0,0,0,0,0,0,0,0,0,0,0,0,0,0,0,0,0,0,Leccinellum_corsicum
OTU_899,0,0,0,0,0,0,0,0,0,0,6,0,6,0,12,0,0,0,0,0,0,0,0,0,22,0,0,Geminibasidium_hirsutum
OTU_995,4,0,0,8,4,0,0,0,0,0,0,0,0,0,0,0,0,4,16,0,0,0,0,0,10,0,0,Basidiomycota
OTU_1219,0,4,4,14,0,0,0,0,0,0,0,0,0,0,0,0,0,0,0,16,0,0,6,0,0,0,0,Helotiales
OTU_517,0,0,0,0,0,0,0,0,0,0,0,0,44,0,0,0,0,0,0,0,0,0,0,0,0,0,0,Alternaria_eureka
OTU_588,0,0,0,0,0,26,0,0,0,18,0,0,0,0,0,0,0,0,0,0,0,0,0,0,0,0,0,Thelephoraceae
OTU_913,0,10,0,0,0,0,0,0,0,0,0,0,0,0,0,0,0,0,8,14,0,0,0,0,0,12,0,Trichosporonales
OTU_580,0,0,0,0,0,0,0,0,0,0,0,0,0,0,0,0,0,0,0,0,0,0,0,0,42,0,0,Protoventuria_alpina
OTU_591,0,8,0,0,0,0,0,0,34,0,0,0,0,0,0,0,0,0,0,0,0,0,0,0,0,0,0,Tausonia_pullulans
OTU_627,22,0,0,4,0,0,0,0,0,16,0,0,0,0,0,0,0,0,0,0,0,0,0,0,0,0,0,Eurotiomycetes
OTU_657,0,0,0,0,0,0,0,0,0,0,22,6,10,0,0,0,0,4,0,0,0,0,0,0,0,0,0,Ceratobasidiaceae
OTU_694,0,0,0,0,0,0,0,0,0,0,0,0,0,0,18,0,0,0,0,0,6,0,18,0,0,0,0,Chloridium
OTU_751,26,0,8,0,8,0,0,0,0,0,0,0,0,0,0,0,0,0,0,0,0,0,0,0,0,0,0,Acremonium
OTU_804,4,0,0,0,0,0,0,0,0,0,0,0,14,0,0,12,0,0,0,0,0,12,0,0,0,0,0,Cladonia_humilis
OTU_1222,4,0,0,0,4,0,0,0,4,4,6,4,0,6,0,0,0,0,0,0,0,0,8,0,0,0,0,Malassezia_restricta
OTU_493,0,0,0,0,0,0,0,0,0,0,0,0,0,0,0,0,0,0,40,0,0,0,0,0,0,0,0,Cortinarius_quercoconicus
OTU_557,0,0,0,0,0,0,0,0,0,0,40,0,0,0,0,0,0,0,0,0,0,0,0,0,0,0,0,Oidiodendron
OTU_703,0,18,0,0,10,0,0,6,6,0,0,0,0,0,0,0,0,0,0,0,0,0,0,0,0,0,0,Lindgomyces_apiculatus
OTU_846,4,4,14,0,4,8,6,0,0,0,0,0,0,0,0,0,0,0,0,0,0,0,0,0,0,0,0,Oidiodendron
OTU_862,8,16,0,0,0,0,0,0,0,0,10,0,0,6,0,0,0,0,0,0,0,0,0,0,0,0,0,Lipomyces_kockii
OTU_1093,0,0,0,0,4,0,4,0,16,0,0,0,0,0,0,0,0,0,0,0,0,0,10,0,0,0,4,Ambispora_fennica
OTU_600,0,0,0,0,0,0,0,0,0,0,0,0,38,0,0,0,0,0,0,0,0,0,0,0,0,0,0,Basidiobolus_ranarum
OTU_745,0,0,0,0,0,0,0,0,0,0,0,0,0,0,0,0,0,0,0,0,0,0,4,34,0,0,0,GS37
OTU_814,0,0,0,0,0,0,0,0,0,0,0,0,0,0,22,0,0,0,0,0,0,16,0,0,0,0,0,Tomentella
OTU_826,0,0,0,0,0,0,0,0,0,0,0,0,4,0,0,0,0,0,0,0,0,0,0,14,10,0,10,Helotiales
OTU_1013,0,18,0,0,0,0,0,0,0,0,10,0,0,0,0,0,0,0,0,0,0,4,0,4,0,0,0,Penicillium
OTU_1039,0,0,28,0,8,0,0,0,0,0,0,0,0,0,0,0,0,0,0,0,0,0,0,0,0,0,0,Agaricomycetes
OTU_492,0,0,0,0,0,0,0,0,0,0,0,0,0,0,0,0,0,36,0,0,0,0,0,0,0,0,0,Sebacinales
OTU_592,0,0,0,0,0,0,0,0,36,0,0,0,0,0,0,0,0,0,0,0,0,0,0,0,0,0,0,Inocybe_whitei
OTU_662,0,8,0,0,0,0,20,0,8,0,0,0,0,0,0,0,0,0,0,0,0,0,0,0,0,0,0,Clavulina
OTU_704,0,0,0,6,8,0,0,0,0,0,4,0,0,0,0,0,0,0,0,0,0,0,0,0,0,0,18,Macrophomina_pseudophaseolina
OTU_709,0,0,0,0,0,0,0,0,0,0,0,0,0,0,0,0,0,0,0,0,18,0,0,18,0,0,0,Cryptococcus
OTU_713,0,0,0,36,0,0,0,0,0,0,0,0,0,0,0,0,0,0,0,0,0,0,0,0,0,0,0,Eurotiomycetes
OTU_887,0,8,0,0,0,12,0,10,0,0,0,0,0,0,0,0,0,0,0,0,0,6,0,0,0,0,0,Herpotrichiellaceae
OTU_960,22,0,0,0,0,0,0,0,0,0,8,0,0,0,0,0,0,0,0,0,6,0,0,0,0,0,0,Chaetothyriales
OTU_992,4,0,0,4,6,0,10,0,0,0,0,0,0,0,0,4,0,4,0,4,0,0,0,0,0,0,0,Pisolithus_capsulifer
OTU_1067,0,0,8,26,0,0,0,0,0,0,0,0,0,0,0,0,0,0,0,0,0,0,0,0,0,0,0,Mortierella_basiparvispora
OTU_1090,0,0,0,0,0,0,0,0,0,0,14,0,0,12,0,4,0,4,0,0,0,0,0,0,0,0,0,Umbelopsis_dimorpha
OTU_515,0,0,0,0,0,0,0,0,0,0,0,0,34,0,0,0,0,0,0,0,0,0,0,0,0,0,0,Cotylidia_undulata
OTU_562,0,0,0,0,0,0,0,0,0,0,0,0,0,0,0,0,0,0,34,0,0,0,0,0,0,0,0,Acremonium_lichenicola
OTU_640,0,0,0,0,0,0,22,0,0,0,4,0,0,0,0,0,0,0,0,0,0,0,0,8,0,0,0,Verticillium
OTU_653,0,0,4,0,0,0,0,0,0,0,0,0,0,0,0,0,0,0,8,0,0,22,0,0,0,0,0,Syncephalis
OTU_723,0,0,0,0,0,8,18,0,0,0,0,0,0,0,0,0,0,0,0,0,0,0,0,8,0,0,0,GS11
OTU_926,6,14,10,0,0,0,0,4,0,0,0,0,0,0,0,0,0,0,0,0,0,0,0,0,0,0,0,Eurotiales
OTU_1129,0,0,0,0,0,0,0,0,0,0,0,0,0,0,0,0,0,0,0,0,0,32,0,0,0,0,0,Capronia
OTU_1321,0,0,0,0,0,0,0,0,0,0,12,0,4,0,0,0,0,0,8,0,0,4,0,4,0,0,0,Cladophialophora
OTU_1368,0,0,4,4,0,8,0,0,0,0,4,4,0,0,0,0,4,0,0,0,0,0,4,0,0,0,0,Westerdykella_reniformis
OTU_563,0,0,0,0,0,0,0,0,0,0,0,0,0,0,0,0,0,0,32,0,0,0,0,0,0,0,0,Cantharellales
OTU_582,0,0,0,0,0,0,0,0,6,0,0,0,0,0,0,0,0,0,0,0,26,0,0,0,0,0,0,Helotiales
OTU_633,0,0,0,0,0,0,0,0,0,0,0,0,0,0,0,0,0,0,0,0,0,0,0,0,32,0,0,Paraphoma_fimeti
OTU_635,0,0,0,26,0,6,0,0,0,0,0,0,0,0,0,0,0,0,0,0,0,0,0,0,0,0,0,Ascomycota
OTU_681,0,0,0,0,0,0,12,0,20,0,0,0,0,0,0,0,0,0,0,0,0,0,0,0,0,0,0,Inocybe
OTU_744,0,0,0,0,0,0,8,0,0,0,0,0,0,0,0,0,0,0,0,0,0,0,0,16,0,8,0,Agaricales
OTU_878,0,0,0,0,0,0,0,0,0,0,4,0,0,0,0,0,0,0,0,12,0,4,4,0,0,0,8,Pseudoplectania_ericae
OTU_988,0,0,0,0,0,4,10,8,6,4,0,0,0,0,0,0,0,0,0,0,0,0,0,0,0,0,0,Helotiales
OTU_1121,0,0,0,0,0,0,0,0,0,0,0,0,0,0,0,0,4,0,0,0,0,8,0,14,4,0,0,Gremmenia_infestans
OTU_546,0,0,0,30,0,0,0,0,0,0,0,0,0,0,0,0,0,0,0,0,0,0,0,0,0,0,0,Sordariales
OTU_549,0,0,0,0,0,0,0,0,0,0,0,0,0,0,0,0,0,0,0,0,0,0,30,0,0,0,0,Thelephora_penicillata
OTU_687,0,0,0,0,0,0,0,0,0,0,0,0,0,0,0,0,0,0,0,0,20,0,6,0,4,0,0,Pleosporales
OTU_730,4,0,0,0,0,0,0,0,0,0,0,4,0,0,18,0,0,0,4,0,0,0,0,0,0,0,0,Mycena_metata
OTU_767,0,0,0,0,0,0,0,0,0,0,0,0,0,30,0,0,0,0,0,0,0,0,0,0,0,0,0,Tricholoma_albobrunneum
OTU_835,0,0,0,0,18,0,0,0,0,0,0,0,0,0,0,0,0,0,0,0,0,0,12,0,0,0,0,Scleroderma
OTU_910,0,0,0,0,0,0,0,0,0,0,0,0,0,0,0,0,0,0,0,0,0,30,0,0,0,0,0,Archaeorhizomyces
OTU_1080,0,0,0,12,0,0,0,0,0,0,0,0,0,0,0,4,0,0,0,4,4,4,0,0,0,0,0,Pseudeurotium_bakeri
OTU_1147,0,0,0,0,0,0,0,0,0,0,0,0,10,0,0,0,0,0,6,0,0,4,0,0,8,0,0,Collophora
OTU_1178,4,0,0,0,10,0,4,0,0,0,0,0,6,0,0,0,0,0,0,0,0,4,0,0,0,0,0,Devriesia_americana
OTU_1183,0,0,0,0,0,0,0,0,0,6,0,0,0,0,0,0,0,0,0,10,6,0,0,0,6,0,0,Ascomycota
OTU_1232,0,0,0,0,0,0,0,0,10,0,0,0,0,14,0,0,0,0,0,0,0,4,0,0,0,0,0,Sporothrix_pallida
OTU_1250,6,0,0,0,0,12,0,0,6,0,0,0,0,0,0,0,4,0,0,0,0,0,0,0,0,0,0,Serendipita
OTU_605,0,0,0,0,0,0,24,0,0,0,0,0,4,0,0,0,0,0,0,0,0,0,0,0,0,0,0,Ostropales
OTU_672,0,0,0,20,8,0,0,0,0,0,0,0,0,0,0,0,0,0,0,0,0,0,0,0,0,0,0,Tomentella
OTU_716,0,0,10,18,0,0,0,0,0,0,0,0,0,0,0,0,0,0,0,0,0,0,0,0,0,0,0,Herpotrichiellaceae
OTU_733,0,0,0,0,0,0,0,0,0,0,0,0,4,0,0,0,0,0,0,0,6,18,0,0,0,0,0,Helotiaceae
OTU_761,0,0,0,0,0,0,0,0,0,0,28,0,0,0,0,0,0,0,0,0,0,0,0,0,0,0,0,Pleurotus_floridanus
OTU_808,0,0,6,0,0,0,0,0,4,0,0,0,0,0,0,0,0,0,0,0,0,18,0,0,0,0,0,Sporormiaceae
OTU_833,0,0,0,0,0,0,0,0,0,6,18,4,0,0,0,0,0,0,0,0,0,0,0,0,0,0,0,Pseudocraterellus
OTU_874,8,0,8,0,0,0,0,0,0,0,0,0,0,0,0,0,0,0,0,12,0,0,0,0,0,0,0,Entoloma_llimonae
OTU_892,0,0,0,0,0,0,0,0,0,0,0,0,8,0,20,0,0,0,0,0,0,0,0,0,0,0,0,Helotiales
OTU_1021,0,0,0,0,0,0,0,0,0,0,0,0,0,0,0,0,0,0,16,0,0,0,0,0,10,0,0,Agaricomycetes
OTU_1035,10,4,4,0,8,0,0,0,0,0,0,0,0,0,0,0,0,0,0,0,0,0,0,0,0,0,0,Chaetothyriales
OTU_1177,0,0,0,16,0,0,0,0,0,0,6,0,0,0,0,0,0,0,0,0,0,0,0,0,0,0,4,Archaeospora_trappei
OTU_1707,0,26,0,0,0,0,0,0,0,0,0,0,0,0,0,0,0,0,0,0,0,0,0,0,0,0,0,Lachnum_virgineum
OTU_578,0,0,0,0,0,0,0,0,0,0,0,0,0,0,26,0,0,0,0,0,0,0,0,0,0,0,0,Bionectria_ralfsii
OTU_629,0,22,0,4,0,0,0,0,0,0,0,0,0,0,0,0,0,0,0,0,0,0,0,0,0,0,0,Pseudaegerita_corticalis
OTU_639,0,0,0,0,0,26,0,0,0,0,0,0,0,0,0,0,0,0,0,0,0,0,0,0,0,0,0,Kurtzmanomyces
OTU_718,0,0,0,0,0,4,0,0,0,0,0,0,18,0,0,0,0,0,0,0,0,4,0,0,0,0,0,Rhodotorula_nothofagi
OTU_821,0,0,0,0,0,0,0,0,0,0,0,0,0,0,0,0,0,0,4,0,18,0,0,4,0,0,0,Ceriporia
OTU_830,0,0,0,0,0,0,0,0,0,0,12,0,0,0,0,0,0,0,0,0,0,0,0,14,0,0,0,Umbelopsis_autotrophica
OTU_836,0,0,0,0,26,0,0,0,0,0,0,0,0,0,0,0,0,0,0,0,0,0,0,0,0,0,0,Helotiales
OTU_844,0,0,14,0,0,0,12,0,0,0,0,0,0,0,0,0,0,0,0,0,0,0,0,0,0,0,0,Inocybe_lanuginosa
OTU_863,0,0,0,0,0,0,6,0,0,0,0,0,0,0,0,0,0,0,0,0,0,4,12,0,0,0,4,Chaetothyriales
OTU_867,0,0,0,0,0,0,0,0,0,0,10,0,0,0,0,4,12,0,0,0,0,0,0,0,0,0,0,Serendipita
OTU_868,0,0,0,4,6,0,0,0,0,0,4,0,12,0,0,0,0,0,0,0,0,0,0,0,0,0,0,Oidiodendron
OTU_875,0,0,0,0,0,0,0,0,0,0,0,0,0,0,0,0,0,0,4,6,16,0,0,0,0,0,0,Mortierella
OTU_958,10,0,0,0,10,0,0,0,0,0,0,0,0,0,0,0,0,0,0,0,0,0,0,0,0,6,0,Mortierella
OTU_1019,6,0,0,0,0,0,0,4,0,0,0,0,0,0,0,0,0,0,4,0,0,0,0,0,0,0,10,Pezoloma_ericae
OTU_1037,0,0,0,0,8,0,0,0,0,0,0,0,0,0,0,0,0,0,10,0,0,6,0,0,0,0,0,Gorgomyces_honrubiae
OTU_1040,0,0,0,0,0,0,0,0,0,0,0,8,0,16,0,0,0,0,0,0,0,0,0,0,0,0,0,Penicillium_roqueforti
OTU_1076,0,0,0,14,10,0,0,0,0,0,0,0,0,0,0,0,0,0,0,0,0,0,0,0,0,0,0,Mariannaea_fusiformis
OTU_1096,0,0,0,0,0,0,0,18,6,0,0,0,0,0,0,0,0,0,0,0,0,0,0,0,0,0,0,Inocybe_curvipes
OTU_1126,0,0,0,0,0,0,0,0,0,0,0,0,6,0,6,8,0,0,0,0,0,0,0,4,0,0,0,Cosmospora_arxii
OTU_597,0,24,0,0,0,0,0,0,0,0,0,0,0,0,0,0,0,0,0,0,0,0,0,0,0,0,0,Camarophyllopsis
OTU_685,20,0,0,0,0,0,0,0,0,0,0,0,0,0,0,4,0,0,0,0,0,0,0,0,0,0,0,Cystobasidium_oligophagum
OTU_782,0,0,0,0,0,0,0,24,0,0,0,0,0,0,0,0,0,0,0,0,0,0,0,0,0,0,0,Cladonia_subulata
OTU_818,0,0,0,10,0,0,14,0,0,0,0,0,0,0,0,0,0,0,0,0,0,0,0,0,0,0,0,Powellomycetaceae
OTU_832,0,0,0,0,0,0,0,0,0,0,0,0,0,4,0,0,0,6,0,0,0,0,0,14,0,0,0,Pseudodactylaria_xanthorrhoeae
OTU_853,4,0,0,0,0,0,0,0,0,0,0,0,0,0,0,0,0,0,0,0,0,0,8,12,0,0,0,Lecanorales
OTU_888,0,0,8,0,0,0,0,0,0,0,0,0,0,0,0,0,0,0,0,0,16,0,0,0,0,0,0,Piskurozyma_taiwanensis
OTU_948,0,0,0,0,0,0,0,0,0,0,0,0,0,0,0,0,0,0,0,0,0,24,0,0,0,0,0,Tremellaceae
OTU_989,0,4,0,0,0,0,10,0,0,0,10,0,0,0,0,0,0,0,0,0,0,0,0,0,0,0,0,Kalmusia_variispora
OTU_999,0,0,0,0,0,0,0,0,24,0,0,0,0,0,0,0,0,0,0,0,0,0,0,0,0,0,0,Inocybe
OTU_1003,0,0,0,0,0,0,0,0,10,0,0,0,0,0,0,0,0,0,0,0,0,0,0,0,12,0,0,Helotiales
OTU_1012,0,0,0,0,0,0,4,0,0,0,0,0,0,0,0,0,0,0,0,0,0,0,0,18,0,0,0,Acremonium
OTU_1136,8,0,4,0,0,0,0,0,0,0,10,0,0,0,0,0,0,0,0,0,0,0,0,0,0,0,0,Cortinarius
OTU_1336,0,0,0,0,0,0,0,0,0,0,0,0,0,4,8,0,0,0,0,0,6,0,0,0,0,0,4,Helotiales
OTU_624,0,0,0,0,0,0,0,0,0,0,0,0,0,0,0,0,0,0,22,0,0,0,0,0,0,0,0,Sebacina
OTU_625,0,0,0,0,0,0,0,0,0,0,22,0,0,0,0,0,0,0,0,0,0,0,0,0,0,0,0,Agaricomycetes
OTU_651,0,0,0,0,22,0,0,0,0,0,0,0,0,0,0,0,0,0,0,0,0,0,0,0,0,0,0,Pleosporales
OTU_656,0,0,0,0,22,0,0,0,0,0,0,0,0,0,0,0,0,0,0,0,0,0,0,0,0,0,0,Pleosporales
OTU_692,18,0,0,4,0,0,0,0,0,0,0,0,0,0,0,0,0,0,0,0,0,0,0,0,0,0,0,Herpotrichiellaceae
OTU_696,0,0,18,0,0,4,0,0,0,0,0,0,0,0,0,0,0,0,0,0,0,0,0,0,0,0,0,Mortierella_tsukubaensis
OTU_697,0,0,0,0,0,0,0,0,0,0,0,0,0,22,0,0,0,0,0,0,0,0,0,0,0,0,0,Helvella_pseudolacunosa
OTU_715,0,0,0,18,0,0,0,0,0,0,0,0,0,0,0,0,0,0,0,0,0,0,0,0,4,0,0,Pezizaceae
OTU_719,0,0,0,0,0,0,0,0,4,0,0,0,18,0,0,0,0,0,0,0,0,0,0,0,0,0,0,Agaricomycetes
OTU_789,0,0,0,0,0,0,4,0,0,0,0,0,0,0,0,0,0,0,0,0,0,0,0,0,0,0,18,Tomentella
OTU_796,0,0,0,0,0,8,0,0,0,0,14,0,0,0,0,0,0,0,0,0,0,0,0,0,0,0,0,Paxillus_obscurisporus
OTU_904,0,0,0,0,0,0,0,0,0,0,0,0,0,0,10,0,0,0,0,0,0,12,0,0,0,0,0,Ascomycota
OTU_931,0,0,22,0,0,0,0,0,0,0,0,0,0,0,0,0,0,0,0,0,0,0,0,0,0,0,0,Cortinarius
OTU_1045,0,0,0,0,0,12,8,0,0,0,0,0,0,0,0,0,0,0,0,0,0,0,0,0,0,0,0,Paraglomerales
OTU_1074,0,0,0,8,0,0,0,0,0,4,0,0,8,0,0,0,0,0,0,0,0,0,0,0,0,0,0,Chaetothyriales
OTU_1111,0,0,0,0,0,0,0,0,0,0,8,0,0,12,0,0,0,0,0,0,0,0,0,0,0,0,0,Cenococcum
OTU_1135,0,0,0,4,0,0,4,0,0,0,0,0,0,0,0,0,0,0,0,0,0,12,0,0,0,0,0,Tremellales
OTU_1160,4,0,0,0,0,0,0,0,0,0,0,0,0,0,0,0,0,0,0,0,0,0,4,4,0,8,0,Helotiales
OTU_1262,0,0,0,0,0,0,0,0,0,0,6,0,0,4,4,0,0,0,0,0,0,0,0,6,0,0,0,Mucorales
OTU_1342,0,0,0,0,0,0,0,0,0,0,0,0,0,0,0,0,0,0,20,0,0,0,0,0,0,0,0,Chaetothyriales
OTU_1371,0,0,0,0,0,0,0,0,0,0,0,0,0,0,0,0,0,0,8,8,0,4,0,0,0,0,0,Chaetomium_pachypodioides
OTU_1665,0,12,0,0,4,4,0,0,0,0,0,0,0,0,0,0,0,0,0,0,0,0,0,0,0,0,0,Sordariales
OTU_666,0,0,0,0,0,0,0,0,0,0,0,0,0,0,0,0,0,0,0,0,0,0,0,20,0,0,0,Agaricus_nivescens
OTU_668,0,0,0,0,0,0,0,0,0,0,0,0,0,0,0,0,0,0,0,20,0,0,0,0,0,0,0,Ascomycota
OTU_669,0,0,0,0,0,0,0,0,0,0,0,0,0,0,0,0,0,0,0,0,0,0,0,0,20,0,0,Antarctomyces_psychrotrophicus
OTU_680,0,0,0,0,0,0,0,0,0,0,0,0,0,0,0,0,0,0,0,0,0,0,20,0,0,0,0,Hypholoma_fasciculare
OTU_686,0,0,0,0,0,0,0,0,0,0,0,0,20,0,0,0,0,0,0,0,0,0,0,0,0,0,0,Lyophyllum_infumatum
OTU_755,0,0,0,0,0,0,0,0,0,0,0,0,0,0,0,0,0,0,20,0,0,0,0,0,0,0,0,Tremellodendropsidales
OTU_829,0,14,0,0,0,6,0,0,0,0,0,0,0,0,0,0,0,0,0,0,0,0,0,0,0,0,0,GS33
OTU_857,0,0,0,0,0,0,0,0,4,0,0,0,0,0,0,0,0,0,0,0,0,0,0,16,0,0,0,Coniochaetaceae
OTU_896,0,0,4,0,12,4,0,0,0,0,0,0,0,0,0,0,0,0,0,0,0,0,0,0,0,0,0,Bullera
OTU_950,0,0,0,0,0,0,0,0,0,0,0,0,0,0,0,0,0,0,0,0,0,16,0,0,0,0,4,Herpotrichiellaceae
OTU_1060,4,0,0,0,0,8,0,0,0,0,0,0,0,0,0,0,0,0,0,0,0,6,0,0,0,0,0,Coprinellus_sclerocystidiosus
OTU_1214,0,0,10,0,0,0,0,0,0,0,0,0,0,4,0,0,0,0,0,0,0,0,0,0,0,0,4,Pectenia
OTU_1246,0,10,0,0,4,0,0,4,0,0,0,0,0,0,0,0,0,0,0,0,0,0,0,0,0,0,0,Terfezia_pini
OTU_1268,0,0,0,0,0,0,0,0,0,0,18,0,0,0,0,0,0,0,0,0,0,0,0,0,0,0,0,Cladophialophora
OTU_1348,0,0,0,0,0,0,0,0,0,0,0,0,0,0,0,0,0,0,14,0,0,0,0,4,0,0,0,Chaetosphaeriaceae
OTU_1360,0,4,0,0,4,0,0,0,0,0,0,0,0,0,0,0,0,0,0,6,0,0,4,0,0,0,0,Ascomycota
OTU_707,0,0,0,0,0,0,0,0,0,0,0,0,0,0,0,0,0,0,0,0,0,0,0,0,0,0,18,Sordariomycetes
OTU_738,0,0,0,0,0,0,0,0,0,0,0,0,0,0,0,0,0,0,0,18,0,0,0,0,0,0,0,Helotiales
OTU_800,0,0,0,14,4,0,0,0,0,0,0,0,0,0,0,0,0,0,0,0,0,0,0,0,0,0,0,Cortinarius_brunneolividus
OTU_839,0,0,0,0,18,0,0,0,0,0,0,0,0,0,0,0,0,0,0,0,0,0,0,0,0,0,0,Chaetosphaeria
OTU_842,0,0,0,0,18,0,0,0,0,0,0,0,0,0,0,0,0,0,0,0,0,0,0,0,0,0,0,Hypocreales
OTU_861,0,0,0,0,0,0,0,0,18,0,0,0,0,0,0,0,0,0,0,0,0,0,0,0,0,0,0,Acremonium
OTU_890,0,0,0,0,0,0,18,0,0,0,0,0,0,0,0,0,0,0,0,0,0,0,0,0,0,0,0,Nectriaceae
OTU_917,6,0,0,0,0,0,0,0,0,0,0,0,0,0,0,0,0,0,12,0,0,0,0,0,0,0,0,Extremaceae
OTU_923,0,0,0,0,0,0,0,8,0,0,0,0,0,0,0,0,0,0,0,0,0,0,10,0,0,0,0,Leucosporidiales
OTU_1050,0,0,0,0,0,0,8,0,8,0,0,0,0,0,0,0,0,0,0,0,0,0,0,0,0,0,0,Cortinarius_infractus
OTU_1053,0,0,0,8,8,0,0,0,0,0,0,0,0,0,0,0,0,0,0,0,0,0,0,0,0,0,0,Helotiales
OTU_1055,0,0,0,0,16,0,0,0,0,0,0,0,0,0,0,0,0,0,0,0,0,0,0,0,0,0,0,Entoloma_clandestinum
OTU_1077,0,4,0,12,0,0,0,0,0,0,0,0,0,0,0,0,0,0,0,0,0,0,0,0,0,0,0,Collophora_hispanica
OTU_1078,0,0,8,8,0,0,0,0,0,0,0,0,0,0,0,0,0,0,0,0,0,0,0,0,0,0,0,Mortierella
OTU_1083,0,0,8,0,0,0,8,0,0,0,0,0,0,0,0,0,0,0,0,0,0,0,0,0,0,0,0,Ripartites_tricholoma
OTU_1091,0,0,0,0,0,0,0,0,0,0,16,0,0,0,0,0,0,0,0,0,0,0,0,0,0,0,0,Lentinula_edodes
OTU_1094,0,0,0,0,0,0,0,0,16,0,0,0,0,0,0,0,0,0,0,0,0,0,0,0,0,0,0,Ascomycota
OTU_1133,0,0,0,0,0,0,4,0,0,0,0,0,0,0,0,0,0,0,0,0,0,8,0,4,0,0,0,Helotiales
OTU_1149,0,0,0,0,0,0,0,0,0,0,0,0,0,0,0,0,0,0,0,0,0,0,0,0,16,0,0,Serendipitaceae
OTU_1197,0,6,0,0,0,0,10,0,0,0,0,0,0,0,0,0,0,0,0,0,0,0,0,0,0,0,0,Eurotiales
OTU_1256,0,0,0,0,0,0,0,0,16,0,0,0,0,0,0,0,0,0,0,0,0,0,0,0,0,0,0,Agaricales
OTU_1278,0,0,0,0,6,0,0,0,0,0,0,0,0,0,0,0,0,0,0,0,0,10,0,0,0,0,0,Dothideomycetes
OTU_1337,0,0,0,0,0,0,0,0,0,0,0,0,0,0,0,0,0,4,0,12,0,0,0,0,0,0,0,Mortierella
OTU_1442,0,0,0,0,4,0,0,0,0,0,0,0,0,4,0,0,4,0,0,0,4,0,0,0,0,0,0,Cunninghamella_elegans
OTU_1443,4,0,0,0,0,0,0,0,0,0,0,0,0,0,0,0,0,0,0,0,4,0,0,0,0,0,8,Penicillium_roqueforti
OTU_1647,4,4,4,0,0,0,4,0,0,0,0,0,0,0,0,0,0,0,0,0,0,0,0,0,0,0,0,Chaetothyriales
OTU_753,0,0,0,0,0,0,0,0,0,0,0,0,0,0,16,0,0,0,0,0,0,0,0,0,0,0,0,Lecanorales
OTU_771,0,0,0,16,0,0,0,0,0,0,0,0,0,0,0,0,0,0,0,0,0,0,0,0,0,0,0,Archaeorhizomyces
OTU_774,0,0,16,0,0,0,0,0,0,0,0,0,0,0,0,0,0,0,0,0,0,0,0,0,0,0,0,Tomentella
OTU_775,0,0,16,0,0,0,0,0,0,0,0,0,0,0,0,0,0,0,0,0,0,0,0,0,0,0,0,Ascomycota
OTU_776,0,0,16,0,0,0,0,0,0,0,0,0,0,0,0,0,0,0,0,0,0,0,0,0,0,0,0,GS35
OTU_876,0,0,0,0,16,0,0,0,0,0,0,0,0,0,0,0,0,0,0,0,0,0,0,0,0,0,0,Hebeloma_erumpens
OTU_879,0,0,0,0,0,0,0,0,0,0,0,0,4,0,0,0,0,0,0,12,0,0,0,0,0,0,0,Rhodosporidiobolus_colostri
OTU_906,0,0,0,0,0,0,0,0,0,0,0,0,0,0,0,0,0,0,0,0,0,16,0,0,0,0,0,Phialocephala
OTU_935,0,6,0,10,0,0,0,0,0,0,0,0,0,0,0,0,0,0,0,0,0,0,0,0,0,0,0,Leotiomycetes
OTU_964,0,0,0,0,16,0,0,0,0,0,0,0,0,0,0,0,0,0,0,0,0,0,0,0,0,0,0,Dothideomycetes
OTU_1002,0,0,0,0,0,0,0,0,14,0,0,0,0,0,0,0,0,0,0,0,0,0,0,0,0,0,0,Cortinarius_intricatus
OTU_1030,0,0,0,0,0,0,0,0,0,0,0,0,0,0,0,0,0,0,8,0,0,0,0,6,0,0,0,Sistotrema
OTU_1061,0,0,0,0,0,8,6,0,0,0,0,0,0,0,0,0,0,0,0,0,0,0,0,0,0,0,0,Onygenales
OTU_1075,0,0,0,14,0,0,0,0,0,0,0,0,0,0,0,0,0,0,0,0,0,0,0,0,0,0,0,Glomeraceae
OTU_1092,0,0,0,0,0,0,0,0,14,0,0,0,0,0,0,0,0,0,0,0,0,0,0,0,0,0,0,Rhizophydium
OTU_1119,0,0,0,0,0,0,0,0,0,0,0,0,0,0,0,0,0,0,0,0,0,0,6,8,0,0,0,Botryobasidium_laeve
OTU_1176,0,0,0,0,0,0,0,14,0,0,0,0,0,0,0,0,0,0,0,0,0,0,0,0,0,0,0,Cephalotrichum_stemonitis
OTU_1234,0,0,0,0,0,0,0,0,0,0,0,0,0,0,0,0,0,0,0,0,0,8,6,0,0,0,0,Chytridiales
OTU_1277,0,0,0,0,6,0,0,0,0,0,0,4,0,4,0,0,0,0,0,0,0,0,0,0,0,0,0,Truncatella_angustata
OTU_1329,0,0,0,0,0,0,0,0,0,0,0,0,0,0,0,4,0,0,0,0,6,0,0,0,4,0,0,Slooffia_cresolica
OTU_1332,0,0,0,0,0,0,0,0,0,0,0,0,0,0,0,0,4,0,0,0,10,0,0,0,0,0,0,Waitea
OTU_809,0,0,0,0,0,0,0,0,0,0,0,0,0,0,0,0,0,0,0,0,0,14,0,0,0,0,0,Chaetothyriales
OTU_823,0,0,0,0,0,0,0,14,0,0,0,0,0,0,0,0,0,0,0,0,0,0,0,0,0,0,0,Pseudaleuria_quinaultiana
OTU_824,0,0,0,0,0,0,0,14,0,0,0,0,0,0,0,0,0,0,0,0,0,0,0,0,0,0,0,Mucorales
OTU_828,0,0,0,0,0,0,0,0,0,0,0,0,0,0,0,0,0,0,0,0,0,0,14,0,0,0,0,Hyaloscyphaceae
OTU_838,0,0,0,0,14,0,0,0,0,0,0,0,0,0,0,0,0,0,0,0,0,0,0,0,0,0,0,Tubaria_minutalis
OTU_845,0,0,0,0,0,0,0,0,0,0,0,14,0,0,0,0,0,0,0,0,0,0,0,0,0,0,0,Helotiales
OTU_847,0,0,14,0,0,0,0,0,0,0,0,0,0,0,0,0,0,0,0,0,0,0,0,0,0,0,0,Pleosporales
OTU_933,0,0,10,0,0,0,4,0,0,0,0,0,0,0,0,0,0,0,0,0,0,0,0,0,0,0,0,Trechisporales
OTU_941,0,0,0,0,0,0,0,0,0,0,0,0,0,0,0,0,0,0,0,0,0,0,0,14,0,0,0,Russula_poichilochroa
OTU_951,0,0,0,0,0,0,0,0,0,0,0,0,0,0,0,0,0,0,0,0,0,10,0,4,0,0,0,Helotiales
OTU_952,0,0,0,0,0,0,0,0,0,0,14,0,0,0,0,0,0,0,0,0,0,0,0,0,0,0,0,Cortinarius_maculatocaespitosus
OTU_953,0,0,0,0,0,0,0,0,0,0,0,0,0,0,0,0,14,0,0,0,0,0,0,0,0,0,0,Hyphopichia_burtonii
OTU_959,0,0,0,0,0,0,0,0,0,14,0,0,0,0,0,0,0,0,0,0,0,0,0,0,0,0,0,Lactarius_pubescens
OTU_962,10,0,0,0,0,0,0,0,0,0,0,0,0,4,0,0,0,0,0,0,0,0,0,0,0,0,0,Olpidium_brassicae
OTU_972,0,0,0,0,10,0,0,0,0,0,0,0,0,0,0,0,4,0,0,0,0,0,0,0,0,0,0,Pezizomycetes
OTU_979,0,0,0,0,0,0,0,0,0,0,0,0,0,0,0,0,0,0,14,0,0,0,0,0,0,0,0,Tomentella_bryophila
OTU_1029,0,0,0,0,0,0,0,0,0,0,0,0,0,0,0,0,4,0,0,8,0,0,0,0,0,0,0,Botrytis_cinerea
OTU_1047,0,0,0,0,0,8,0,4,0,0,0,0,0,0,0,0,0,0,0,0,0,0,0,0,0,0,0,Gyoerffyella_tricapillata
OTU_1051,0,0,0,0,0,4,8,0,0,0,0,0,0,0,0,0,0,0,0,0,0,0,0,0,0,0,0,Capnodiales
OTU_1068,0,0,8,0,0,0,0,0,0,0,0,0,0,0,0,0,0,0,0,0,0,0,0,0,0,0,4,Tomentella
OTU_1088,0,0,4,0,0,0,0,0,0,0,8,0,0,0,0,0,0,0,0,0,0,0,0,0,0,0,0,Bionectriaceae
OTU_1100,0,0,0,4,0,0,8,0,0,0,0,0,0,0,0,0,0,0,0,0,0,0,0,0,0,0,0,Agaricaceae
OTU_1102,0,0,0,0,0,0,0,8,4,0,0,0,0,0,0,0,0,0,0,0,0,0,0,0,0,0,0,Cephalotrichum_domesticum
OTU_1113,4,0,0,0,0,0,0,0,0,0,0,0,0,0,0,0,0,0,0,0,0,0,0,8,0,0,0,Chytridiomycota
OTU_1124,0,0,0,0,0,0,0,0,0,0,0,0,0,0,0,0,0,0,0,0,0,12,0,0,0,0,0,Cladophialophora
OTU_1128,0,0,0,0,0,0,0,0,0,0,0,0,0,0,0,0,0,0,0,0,0,8,0,4,0,0,0,Leucosporidiales
OTU_1151,0,0,0,0,0,0,0,0,0,0,0,0,0,0,0,0,0,0,0,0,0,0,0,0,12,0,0,Herpotrichiellaceae
OTU_1171,0,0,0,0,0,0,0,0,0,0,0,0,0,0,0,0,0,0,0,0,0,6,0,0,6,0,0,Cryptocline
OTU_1208,0,0,6,0,0,0,0,0,0,0,0,0,0,0,0,6,0,0,0,0,0,0,0,0,0,0,0,Thelephoraceae
OTU_1210,0,0,6,0,0,0,0,0,0,0,6,0,0,0,0,0,0,0,0,0,0,0,0,0,0,0,0,Microbotryomycetes
OTU_1215,0,0,0,0,0,0,0,0,0,6,6,0,0,0,0,0,0,0,0,0,0,0,0,0,0,0,0,Tomentella
OTU_1220,0,0,0,0,0,0,0,0,0,0,0,6,0,0,0,0,0,0,0,0,0,0,0,0,0,0,6,Clavaria
OTU_1305,0,0,0,0,6,0,0,0,0,0,0,0,0,0,0,0,0,0,0,0,6,0,0,0,0,0,0,Sordariales
OTU_1327,0,0,0,0,0,0,0,0,0,0,0,0,0,0,6,0,0,0,0,0,0,6,0,0,0,0,0,Phaeotremella
OTU_1395,0,0,0,0,0,0,0,0,0,0,0,0,0,4,0,0,0,0,0,0,0,8,0,0,0,0,0,Helotiales
OTU_1524,0,0,0,0,0,0,0,0,0,0,4,0,0,0,0,0,0,0,0,4,0,0,4,0,0,0,0,Malassezia_arunalokei
OTU_1530,0,0,0,0,0,4,0,0,0,0,0,0,0,0,0,0,0,0,0,8,0,0,0,0,0,0,0,Piskurozyma
OTU_1729,0,0,0,0,0,8,0,0,4,0,0,0,0,0,0,0,0,0,0,0,0,0,0,0,0,0,0,Coniochaetaceae
OTU_854,0,0,0,0,0,0,0,0,0,0,0,0,0,0,0,0,0,0,0,0,0,0,0,12,0,0,0,Entoloma_watsonii
OTU_859,0,0,0,0,0,0,0,12,0,0,0,0,0,0,0,0,0,0,0,0,0,0,0,0,0,0,0,Scytalidium_lignicola
OTU_872,0,0,0,0,0,0,0,0,0,0,0,0,0,0,0,0,0,0,0,0,0,0,12,0,0,0,0,Tomentella_coerulea
OTU_891,0,0,0,0,0,0,0,0,0,0,0,0,0,0,12,0,0,0,0,0,0,0,0,0,0,0,0,Agaricales
OTU_895,12,0,0,0,0,0,0,0,0,0,0,0,0,0,0,0,0,0,0,0,0,0,0,0,0,0,0,Ascomycota
OTU_897,0,0,0,0,0,0,0,0,0,0,0,0,0,0,12,0,0,0,0,0,0,0,0,0,0,0,0,Agaricales
OTU_1001,0,0,0,0,0,0,0,0,10,0,0,0,0,0,0,0,0,0,0,0,0,0,0,0,0,0,0,Lasiosphaeriaceae
OTU_1007,0,10,0,0,0,0,0,0,0,0,0,0,0,0,0,0,0,0,0,0,0,0,0,0,0,0,0,Vishniacozyma_victoriae
OTU_1008,0,10,0,0,0,0,0,0,0,0,0,0,0,0,0,0,0,0,0,0,0,0,0,0,0,0,0,Ascomycota
OTU_1011,0,0,0,0,0,0,0,0,0,0,0,0,0,0,0,0,0,0,0,0,0,0,0,10,0,0,0,Pannariaceae
OTU_1014,0,10,0,0,0,0,0,0,0,0,0,0,0,0,0,0,0,0,0,0,0,0,0,0,0,0,0,Powellomyces
OTU_1015,0,0,0,0,0,0,0,0,0,0,0,0,0,0,0,10,0,0,0,0,0,0,0,0,0,0,0,Hygrocybe_singeri
OTU_1020,0,0,0,0,0,0,0,0,0,0,0,0,0,0,0,0,0,0,0,0,0,0,0,0,0,0,10,Gregorella_humida
OTU_1184,0,0,0,0,4,0,0,0,0,0,0,0,0,0,0,0,0,0,0,0,0,0,0,0,6,0,0,Pleosporales
OTU_1206,0,0,0,0,0,0,10,0,0,0,0,0,0,0,0,0,0,0,0,0,0,0,0,0,0,0,0,Hemileucoglossum
OTU_1229,6,0,0,0,0,0,0,0,0,0,0,0,0,0,0,0,0,4,0,0,0,0,0,0,0,0,0,Verrucoconiothyrium_nitidae
OTU_1251,0,4,0,0,0,0,0,0,6,0,0,0,0,0,0,0,0,0,0,0,0,0,0,0,0,0,0,Aspergillus_neoniger
OTU_1267,0,0,0,0,0,0,0,0,0,0,10,0,0,0,0,0,0,0,0,0,0,0,0,0,0,0,0,Entoloma_conicosericeum
OTU_1270,0,0,0,0,0,0,0,0,4,0,0,0,0,0,0,0,0,0,0,0,0,0,0,6,0,0,0,Calvatia_cyathiformis
OTU_1276,0,0,0,0,10,0,0,0,0,0,0,0,0,0,0,0,0,0,0,0,0,0,0,0,0,0,0,Tubeufiaceae
OTU_1283,0,0,4,0,6,0,0,0,0,0,0,0,0,0,0,0,0,0,0,0,0,0,0,0,0,0,0,Lycoperdon_pratense
OTU_1325,0,0,0,0,0,0,0,0,0,0,0,0,0,0,0,0,0,0,0,0,0,10,0,0,0,0,0,Dothideomycetes
OTU_1341,0,0,0,0,0,0,0,0,0,0,0,0,0,0,0,0,0,0,6,0,4,0,0,0,0,0,0,Rozellomycota
OTU_1346,4,0,0,0,0,0,0,0,0,0,0,0,0,0,0,0,0,0,6,0,0,0,0,0,0,0,0,Arachnopeziza_aurata
OTU_1359,0,0,0,0,0,0,0,0,0,0,0,0,0,0,6,0,0,0,0,0,0,0,0,0,4,0,0,Pyronemataceae
OTU_922,0,0,0,0,0,0,0,0,0,0,0,0,0,0,0,0,0,0,0,0,0,10,0,0,0,0,0,Galerina_badipes
OTU_924,0,0,0,0,0,0,0,0,0,0,0,0,0,0,0,0,0,0,0,0,0,0,10,0,0,0,0,Cyberlindnera_jadinii
OTU_927,0,0,0,0,0,10,0,0,0,0,0,0,0,0,0,0,0,0,0,0,0,0,0,0,0,0,0,Sordariomycetes
OTU_940,0,0,0,10,0,0,0,0,0,0,0,0,0,0,0,0,0,0,0,0,0,0,0,0,0,0,0,Tremellales
OTU_954,10,0,0,0,0,0,0,0,0,0,0,0,0,0,0,0,0,0,0,0,0,0,0,0,0,0,0,Cystobasidium_oligophagum
OTU_961,10,0,0,0,0,0,0,0,0,0,0,0,0,0,0,0,0,0,0,0,0,0,0,0,0,0,0,Lapidomyces
OTU_974,0,0,0,0,10,0,0,0,0,0,0,0,0,0,0,0,0,0,0,0,0,0,0,0,0,0,0,Chaetothyriales
OTU_977,0,0,0,0,0,0,0,0,0,0,0,0,0,0,0,0,0,0,10,0,0,0,0,0,0,0,0,Helotiaceae
OTU_978,0,0,0,0,0,0,0,0,0,0,0,0,0,0,0,0,0,10,0,0,0,0,0,0,0,0,0,Lecanicillium_flavidum
OTU_984,0,0,0,0,0,0,0,0,0,0,0,10,0,0,0,0,0,0,0,0,0,0,0,0,0,0,0,Cladonia_rangiformis
OTU_994,0,0,0,0,0,0,0,0,0,0,0,0,0,0,0,0,0,0,10,0,0,0,0,0,0,0,0,Helotiales
OTU_1024,0,0,0,0,0,0,0,0,0,0,0,0,0,0,0,0,0,0,0,8,0,0,0,0,0,0,0,Rhizopogon_evadens
OTU_1027,0,0,0,0,0,0,0,0,0,0,0,0,0,0,0,0,0,0,0,8,0,0,0,0,0,0,0,Trechispora_invisitata
OTU_1028,0,0,0,0,0,0,0,0,0,0,0,0,0,0,0,0,0,0,0,8,0,0,0,0,0,0,0,Sordariales
OTU_1038,0,0,0,0,8,0,0,0,0,0,0,0,0,0,0,0,0,0,0,0,0,0,0,0,0,0,0,Ascomycota
OTU_1041,0,0,0,8,0,0,0,0,0,0,0,0,0,0,0,0,0,0,0,0,0,0,0,0,0,0,0,Entoloma_vindobonense
OTU_1064,0,0,0,0,0,8,0,0,0,0,0,0,0,0,0,0,0,0,0,0,0,0,0,0,0,0,0,Mortierella
OTU_1070,0,8,0,0,0,0,0,0,0,0,0,0,0,0,0,0,0,0,0,0,0,0,0,0,0,0,0,Mortierella
OTU_1079,0,0,0,8,0,0,0,0,0,0,0,0,0,0,0,0,0,0,0,0,0,0,0,0,0,0,0,Leotiomycetes
OTU_1084,0,0,8,0,0,0,0,0,0,0,0,0,0,0,0,0,0,0,0,0,0,0,0,0,0,0,0,Rhizophydiales
OTU_1086,0,0,0,0,0,0,0,0,0,0,8,0,0,0,0,0,0,0,0,0,0,0,0,0,0,0,0,Thelephoraceae
OTU_1095,0,0,0,0,0,0,0,8,0,0,0,0,0,0,0,0,0,0,0,0,0,0,0,0,0,0,0,Ascomycota
OTU_1098,0,0,0,0,0,0,0,0,8,0,0,0,0,0,0,0,0,0,0,0,0,0,0,0,0,0,0,Halosphaeriaceae
OTU_1103,0,0,0,0,0,0,0,8,0,0,0,0,0,0,0,0,0,0,0,0,0,0,0,0,0,0,0,Leucoagaricus_leucothites
OTU_1104,0,0,0,0,0,0,0,0,0,0,8,0,0,0,0,0,0,0,0,0,0,0,0,0,0,0,0,Symmetrospora_coprosmae
OTU_1110,0,0,0,0,0,0,0,0,8,0,0,0,0,0,0,0,0,0,0,0,0,0,0,0,0,0,0,Acremonium
OTU_1118,0,0,0,0,0,0,0,0,0,0,0,0,0,0,8,0,0,0,0,0,0,0,0,0,0,0,0,Cryptococcus
OTU_1120,0,0,0,0,0,0,0,0,0,0,0,0,0,0,0,0,0,0,0,0,0,0,0,8,0,0,0,Paxillus_cuprinus
OTU_1130,0,0,0,0,0,0,0,0,0,0,0,0,0,0,0,0,0,0,0,0,0,8,0,0,0,0,0,Herpotrichiellaceae
OTU_1142,0,0,0,0,0,0,0,0,0,0,0,0,0,0,0,0,0,0,0,0,0,0,0,0,8,0,0,Angustimassarina_acerina
OTU_1145,0,0,0,0,0,0,0,0,0,0,0,0,0,0,8,0,0,0,0,0,0,0,0,0,0,0,0,Sporidiobolales
OTU_1150,0,0,0,0,0,0,0,0,0,0,0,0,0,0,0,0,0,0,0,0,0,0,0,0,8,0,0,Helotiales
OTU_1152,0,0,0,0,0,0,0,0,0,0,0,0,0,0,8,0,0,0,0,0,0,0,0,0,0,0,0,Chaetosphaeronema
OTU_1153,0,0,0,0,0,0,0,0,0,0,0,0,0,0,8,0,0,0,0,0,0,0,0,0,0,0,0,Penicillium
OTU_1154,0,0,0,0,0,0,0,0,0,0,0,0,0,0,8,0,0,0,0,0,0,0,0,0,0,0,0,Rhytismataceae
OTU_1155,0,0,0,0,0,0,0,0,0,0,0,0,0,0,8,0,0,0,0,0,0,0,0,0,0,0,0,Rozellomycota
OTU_1158,8,0,0,0,0,0,0,0,0,0,0,0,0,0,0,0,0,0,0,0,0,0,0,0,0,0,0,Clavulinopsis_helvola
OTU_1373,0,0,0,0,0,0,0,0,0,0,0,0,0,0,0,0,0,0,8,0,0,0,0,0,0,0,0,Atheliales
OTU_1377,0,0,0,0,0,0,0,0,0,0,0,0,0,0,0,0,0,0,4,0,0,0,0,0,4,0,0,Alatospora
OTU_1384,0,0,0,0,0,0,0,0,0,0,0,0,0,0,0,0,0,0,4,0,0,4,0,0,0,0,0,Mycena_amicta
OTU_1392,0,0,0,0,0,0,0,0,0,0,0,0,0,0,0,0,0,0,4,0,0,0,0,0,4,0,0,Mycena
OTU_1393,0,0,0,0,0,0,0,0,0,0,0,0,0,0,0,0,0,0,0,0,0,4,0,0,4,0,0,Saitoella_coloradoensis
OTU_1419,0,0,0,0,0,0,0,0,0,0,0,0,0,0,0,0,0,0,0,0,0,8,0,0,0,0,0,Exophiala_sideris
OTU_1423,0,0,0,0,0,0,0,0,0,0,4,0,0,0,0,0,0,0,0,0,0,0,4,0,0,0,0,Hypocreales
OTU_1449,0,0,4,0,0,0,0,0,0,0,0,0,0,4,0,0,0,0,0,0,0,0,0,0,0,0,0,Candida_membranifaciens
OTU_1450,0,0,0,0,0,0,0,0,0,0,0,0,0,0,0,0,0,0,0,0,0,0,0,4,0,0,4,Penicillium_roqueforti
OTU_1456,0,0,0,0,0,0,0,0,0,4,0,0,0,4,0,0,0,0,0,0,0,0,0,0,0,0,0,Aspergillus_transmontanensis
OTU_1458,0,0,0,0,0,0,0,0,0,0,0,0,0,0,0,0,0,0,0,0,0,0,0,4,0,0,4,Helotiales
OTU_1469,0,0,0,0,0,0,0,0,0,0,0,0,0,0,0,0,0,0,4,0,0,0,0,0,4,0,0,Ceratobasidiaceae
OTU_1486,0,0,4,0,0,0,0,0,0,0,0,0,0,0,0,0,0,0,0,0,0,0,0,0,0,4,0,Xylariaceae
OTU_1496,0,0,0,0,0,0,0,0,0,0,0,0,0,0,0,4,0,0,0,0,0,0,0,0,4,0,0,Cryptococcus
OTU_1502,4,0,0,0,0,0,0,0,0,0,0,0,0,0,0,0,4,0,0,0,0,0,0,0,0,0,0,Blastobotrys_serpentis
OTU_1510,0,0,0,0,0,0,0,0,0,0,0,0,0,0,8,0,0,0,0,0,0,0,0,0,0,0,0,Pleosporaceae
OTU_1566,0,0,0,0,0,0,0,4,0,0,4,0,0,0,0,0,0,0,0,0,0,0,0,0,0,0,0,Leptonia_occidentalis
OTU_1577,0,4,0,0,0,0,0,0,0,0,4,0,0,0,0,0,0,0,0,0,0,0,0,0,0,0,0,Pellidiscus_pallidus
OTU_1611,0,0,0,0,0,0,4,0,0,0,0,0,0,0,0,0,0,0,0,0,4,0,0,0,0,0,0,Herpotrichiellaceae
OTU_1643,0,0,4,4,0,0,0,0,0,0,0,0,0,0,0,0,0,0,0,0,0,0,0,0,0,0,0,Absidia
OTU_1660,0,0,0,4,4,0,0,0,0,0,0,0,0,0,0,0,0,0,0,0,0,0,0,0,0,0,0,Archaeorhizomyces
OTU_1675,0,0,0,4,4,0,0,0,0,0,0,0,0,0,0,0,0,0,0,0,0,0,0,0,0,0,0,Eurotiomycetes
OTU_1706,0,4,0,0,4,0,0,0,0,0,0,0,0,0,0,0,0,0,0,0,0,0,0,0,0,0,0,Ambispora_fennica
OTU_1717,0,4,0,0,0,0,0,4,0,0,0,0,0,0,0,0,0,0,0,0,0,0,0,0,0,0,0,Lecanicillium_primulinum
OTU_1720,0,4,0,0,4,0,0,0,0,0,0,0,0,0,0,0,0,0,0,0,0,0,0,0,0,0,0,Scolecobasidium_constrictum
OTU_1730,0,0,0,0,0,4,0,0,4,0,0,0,0,0,0,0,0,0,0,0,0,0,0,0,0,0,0,Capnodiales
OTU_1732,0,0,0,0,0,0,4,4,0,0,0,0,0,0,0,0,0,0,0,0,0,0,0,0,0,0,0,Acrostalagmus_luteoalbus
OTU_1753,0,0,0,0,4,4,0,0,0,0,0,0,0,0,0,0,0,0,0,0,0,0,0,0,0,0,0,Tomentella
OTU_1769,0,0,0,0,8,0,0,0,0,0,0,0,0,0,0,0,0,0,0,0,0,0,0,0,0,0,0,Tilletia_puccinelliae
OTU_1164,0,0,0,0,0,0,0,6,0,0,0,0,0,0,0,0,0,0,0,0,0,0,0,0,0,0,0,Spizellomycetaceae
OTU_1165,0,0,0,0,0,0,0,0,0,0,0,0,6,0,0,0,0,0,0,0,0,0,0,0,0,0,0,Delastria_rosea
OTU_1174,0,0,0,0,0,0,0,0,0,0,0,0,0,0,0,0,0,0,0,0,0,0,0,0,6,0,0,Geoglossum_fallax
OTU_1175,0,0,0,0,0,0,0,0,0,0,0,0,0,0,0,0,0,0,0,0,0,0,0,0,6,0,0,Colacogloea
OTU_1187,0,0,6,0,0,0,0,0,0,0,0,0,0,0,0,0,0,0,0,0,0,0,0,0,0,0,0,Rhodotorula_mucilaginosa
OTU_1194,0,0,0,0,0,0,0,0,0,0,0,0,0,0,0,0,0,0,0,0,0,0,0,0,6,0,0,Ascomycota
OTU_1198,0,0,0,0,0,0,6,0,0,0,0,0,0,0,0,0,0,0,0,0,0,0,0,0,0,0,0,Clavaria_flavostellifera
OTU_1199,0,0,0,0,0,0,6,0,0,0,0,0,0,0,0,0,0,0,0,0,0,0,0,0,0,0,0,Chrysozymaceae
OTU_1200,0,0,0,0,0,0,6,0,0,0,0,0,0,0,0,0,0,0,0,0,0,0,0,0,0,0,0,Cladophialophora
OTU_1201,0,0,0,0,0,0,6,0,0,0,0,0,0,0,0,0,0,0,0,0,0,0,0,0,0,0,0,Ceratobasidium
OTU_1205,0,0,0,0,0,0,6,0,0,0,0,0,0,0,0,0,0,0,0,0,0,0,0,0,0,0,0,Mycena
OTU_1212,0,0,0,0,0,0,6,0,0,0,0,0,0,0,0,0,0,0,0,0,0,0,0,0,0,0,0,Ascomycota
OTU_1221,0,0,0,0,0,0,0,0,0,0,0,0,0,0,0,0,0,0,0,0,0,0,0,0,0,0,6,Ascomycota
OTU_1223,6,0,0,0,0,0,0,0,0,0,0,0,0,0,0,0,0,0,0,0,0,0,0,0,0,0,0,Chaetosphaeria
OTU_1233,0,0,0,0,0,0,0,0,0,0,0,0,0,0,0,0,0,0,0,0,0,0,6,0,0,0,0,Teratosphaeria_mexicana
OTU_1235,0,0,0,0,0,0,0,0,0,0,0,0,0,0,0,0,0,0,0,0,0,0,0,0,0,6,0,Deconica_bayliasiana
OTU_1237,0,0,0,0,0,0,0,0,0,0,0,0,0,0,0,0,0,0,0,0,0,0,0,0,0,6,0,Pleosporales
OTU_1238,0,6,0,0,0,0,0,0,0,0,0,0,0,0,0,0,0,0,0,0,0,0,0,0,0,0,0,Helotiales
OTU_1239,0,6,0,0,0,0,0,0,0,0,0,0,0,0,0,0,0,0,0,0,0,0,0,0,0,0,0,Mortierella
OTU_1244,0,6,0,0,0,0,0,0,0,0,0,0,0,0,0,0,0,0,0,0,0,0,0,0,0,0,0,Dothideomycetes
OTU_1248,0,6,0,0,0,0,0,0,0,0,0,0,0,0,0,0,0,0,0,0,0,0,0,0,0,0,0,Filobasidium_chernovii
OTU_1252,0,0,0,0,0,0,0,0,6,0,0,0,0,0,0,0,0,0,0,0,0,0,0,0,0,0,0,Mycena
OTU_1253,0,0,0,0,0,0,0,0,0,0,0,0,0,0,0,0,0,0,0,0,0,0,6,0,0,0,0,Agaricomycetes
OTU_1254,0,0,0,0,0,0,0,0,0,0,0,0,0,0,0,0,0,0,0,0,0,0,6,0,0,0,0,Sclerotiniaceae
OTU_1255,0,0,0,0,0,0,0,0,6,0,0,0,0,0,0,0,0,0,0,0,0,0,0,0,0,0,0,Backusella_tuberculispora
OTU_1257,0,0,0,0,0,0,0,0,6,0,0,0,0,0,0,0,0,0,0,0,0,0,0,0,0,0,0,Spizellomyces_pseudodichotomus
OTU_1258,0,0,0,0,0,0,0,0,6,0,0,0,0,0,0,0,0,0,0,0,0,0,0,0,0,0,0,Chytridiomycota
OTU_1261,0,0,0,0,0,0,0,0,0,0,0,0,0,0,0,0,0,0,0,0,0,0,0,0,0,0,6,Rhytismataceae
OTU_1271,0,0,0,0,0,0,0,0,0,0,0,0,0,0,0,0,0,0,0,0,0,0,0,6,0,0,0,Sordariales
OTU_1279,0,0,0,0,6,0,0,0,0,0,0,0,0,0,0,0,0,0,0,0,0,0,0,0,0,0,0,Ascomycota
OTU_1281,0,0,0,0,6,0,0,0,0,0,0,0,0,0,0,0,0,0,0,0,0,0,0,0,0,0,0,Pleosporales
OTU_1282,0,0,0,0,6,0,0,0,0,0,0,0,0,0,0,0,0,0,0,0,0,0,0,0,0,0,0,Ascomycota
OTU_1285,0,0,0,0,6,0,0,0,0,0,0,0,0,0,0,0,0,0,0,0,0,0,0,0,0,0,0,Hypocreales
OTU_1288,0,0,0,0,0,6,0,0,0,0,0,0,0,0,0,0,0,0,0,0,0,0,0,0,0,0,0,Dothideomycetes
OTU_1291,0,0,0,6,0,0,0,0,0,0,0,0,0,0,0,0,0,0,0,0,0,0,0,0,0,0,0,Amanita
OTU_1292,0,0,0,6,0,0,0,0,0,0,0,0,0,0,0,0,0,0,0,0,0,0,0,0,0,0,0,Mortierellales
OTU_1306,0,0,0,0,6,0,0,0,0,0,0,0,0,0,0,0,0,0,0,0,0,0,0,0,0,0,0,Ascomycota
OTU_1308,0,0,0,0,0,0,0,0,0,0,0,0,0,0,0,0,0,0,0,0,0,6,0,0,0,0,0,Alternaria_rosae
OTU_1310,0,0,0,0,0,0,0,0,0,0,0,0,0,0,0,0,0,0,0,0,0,6,0,0,0,0,0,Cladonia_pocillum
OTU_1311,0,0,0,0,0,0,0,0,0,0,0,0,0,0,0,0,0,0,0,0,0,6,0,0,0,0,0,Tremellaceae
OTU_1313,0,0,0,0,0,0,0,0,0,0,0,0,0,0,0,0,0,0,0,0,0,6,0,0,0,0,0,Helotiales
OTU_1318,0,0,0,0,0,0,0,0,0,0,0,0,0,0,0,0,0,0,0,0,0,6,0,0,0,0,0,Dothideomycetes
OTU_1322,0,0,0,0,0,0,0,0,0,0,0,0,0,0,0,0,0,0,0,0,0,6,0,0,0,0,0,Micropeltidaceae
OTU_1323,0,0,0,0,0,0,0,0,0,0,0,0,0,0,0,0,0,0,0,0,0,6,0,0,0,0,0,Helotiales
OTU_1331,0,0,0,0,0,0,0,0,0,0,0,0,0,0,0,0,0,0,0,6,0,0,0,0,0,0,0,Cortinarius_anthracinus
OTU_1333,0,0,0,0,0,0,0,0,0,0,0,0,0,0,0,0,0,0,0,0,6,0,0,0,0,0,0,GS25
OTU_1335,0,0,0,0,0,0,0,0,0,0,0,0,0,0,0,0,0,0,0,0,6,0,0,0,0,0,0,Agaricus_gemloides
OTU_1339,0,0,0,0,0,0,0,0,0,0,0,0,0,0,0,6,0,0,0,0,0,0,0,0,0,0,0,Albatrellaceae
OTU_1340,0,0,0,0,0,0,0,0,0,0,0,0,0,0,0,0,0,0,6,0,0,0,0,0,0,0,0,Durella_connivens
OTU_1343,0,0,0,0,0,0,0,0,0,0,0,0,0,0,0,0,0,0,6,0,0,0,0,0,0,0,0,Helotiales
OTU_1344,0,0,0,0,0,0,0,0,0,0,0,0,0,0,0,0,0,0,6,0,0,0,0,0,0,0,0,Clitopilus
OTU_1345,0,0,0,0,0,0,0,0,0,0,0,0,0,0,0,0,0,0,6,0,0,0,0,0,0,0,0,Agaricales
OTU_1351,0,0,0,0,0,0,0,0,0,0,0,0,0,0,0,0,6,0,0,0,0,0,0,0,0,0,0,Bulleribasidiaceae
OTU_1352,0,0,0,0,0,0,0,0,0,0,0,0,0,0,0,0,6,0,0,0,0,0,0,0,0,0,0,Scheffersomyces_parashehatae
OTU_1357,0,0,0,0,0,0,0,0,0,0,0,0,0,0,6,0,0,0,0,0,0,0,0,0,0,0,0,Agaricomycetes
OTU_1361,0,0,0,0,0,0,0,0,0,0,0,0,0,0,0,0,0,0,0,6,0,0,0,0,0,0,0,Lactifluus_glaucescens
OTU_1363,0,0,0,0,0,0,0,0,0,0,0,0,0,0,0,0,0,0,0,6,0,0,0,0,0,0,0,Gliophorus
OTU_1366,0,0,0,0,0,0,0,0,0,0,4,0,0,0,0,0,0,0,0,0,0,0,0,0,0,0,0,Magnaporthe_oryzae
OTU_1369,0,0,0,0,0,0,0,0,0,0,0,0,0,0,0,0,0,0,4,0,0,0,0,0,0,0,0,Tremellomycetes
OTU_1372,0,0,0,0,0,0,0,0,0,0,0,0,0,0,0,0,0,0,4,0,0,0,0,0,0,0,0,Basidiomycota
OTU_1375,0,0,0,0,0,0,0,0,0,0,0,0,0,0,0,0,0,0,4,0,0,0,0,0,0,0,0,Acremonium_lichenicola
OTU_1376,0,0,0,0,0,0,0,0,0,0,0,0,0,0,0,0,0,0,4,0,0,0,0,0,0,0,0,Hypocreales
OTU_1378,0,0,0,0,0,0,0,0,0,0,0,0,0,0,0,0,0,0,0,0,0,0,0,0,4,0,0,Erysiphe_liquidambaris
OTU_1380,0,0,0,0,0,0,0,0,0,0,0,0,0,0,0,0,0,0,0,0,0,0,0,0,4,0,0,Mollisia
OTU_1381,0,0,0,0,0,0,0,0,0,0,0,0,0,0,0,0,0,0,0,0,0,0,0,0,4,0,0,Capnodiales
OTU_1382,0,0,0,0,0,0,0,0,0,0,0,0,0,0,0,0,0,0,4,0,0,0,0,0,0,0,0,Sebacinales
OTU_1383,0,0,0,0,0,0,0,0,0,0,0,0,0,0,0,0,0,0,4,0,0,0,0,0,0,0,0,Sistotrema
OTU_1385,0,0,0,0,0,0,0,0,0,0,0,0,0,0,0,0,0,0,4,0,0,0,0,0,0,0,0,Sebacinales
OTU_1388,0,0,0,0,0,0,0,0,0,0,0,0,0,0,0,0,0,0,4,0,0,0,0,0,0,0,0,Trechispora_stevensonii
OTU_1390,0,0,0,0,0,0,0,0,0,0,4,0,0,0,0,0,0,0,0,0,0,0,0,0,0,0,0,Melanommataceae
OTU_1394,0,0,0,0,0,0,0,0,0,0,0,0,0,0,0,0,0,0,0,0,0,4,0,0,0,0,0,Chaetothyriales
OTU_1399,0,0,0,0,0,0,0,0,0,0,0,0,0,0,0,0,0,0,4,0,0,0,0,0,0,0,0,Capnobotryella
OTU_1400,0,0,0,0,0,0,0,0,0,0,0,0,0,0,0,0,0,0,4,0,0,0,0,0,0,0,0,Clavariaceae
OTU_1401,0,0,0,0,0,0,0,0,0,0,0,0,0,0,0,0,0,0,0,0,0,4,0,0,0,0,0,Thelebolus_globosus
OTU_1403,0,0,0,0,0,0,0,0,0,0,4,0,0,0,0,0,0,0,0,0,0,0,0,0,0,0,0,Archaeorhizomyces
OTU_1408,0,0,0,0,0,0,0,0,0,0,4,0,0,0,0,0,0,0,0,0,0,0,0,0,0,0,0,Sordariomycetes
OTU_1412,0,0,0,0,0,0,0,0,0,0,0,0,0,0,0,0,0,0,4,0,0,0,0,0,0,0,0,Helotiales
OTU_1416,0,0,0,0,0,0,0,0,0,0,0,0,0,0,0,0,0,0,0,0,0,0,0,4,0,0,0,Cladophialophora
OTU_1430,0,0,0,0,0,0,0,0,0,0,0,0,0,4,0,0,0,0,0,0,0,0,0,0,0,0,0,Dothideomycetes
OTU_1433,0,0,0,0,0,0,0,0,0,0,0,0,0,4,0,0,0,0,0,0,0,0,0,0,0,0,0,Mortierella_exigua
OTU_1437,0,0,0,0,0,0,0,0,0,0,0,0,0,0,0,0,4,0,0,0,0,0,0,0,0,0,0,Leptodontidium_trabinellum
OTU_1439,0,0,0,0,0,0,0,0,0,0,0,0,0,0,0,0,4,0,0,0,0,0,0,0,0,0,0,Trichoderma
OTU_1440,0,0,0,0,0,0,0,0,0,0,0,0,0,0,0,0,4,0,0,0,0,0,0,0,0,0,0,Orbiliaceae
OTU_1441,0,0,0,0,0,0,0,0,0,0,0,0,0,0,0,0,4,0,0,0,0,0,0,0,0,0,0,Mortierella
OTU_1447,0,0,0,0,0,0,0,0,0,0,0,0,0,4,0,0,0,0,0,0,0,0,0,0,0,0,0,Hyaloscypha_finlandica
OTU_1448,0,0,0,0,0,0,0,0,0,0,0,0,0,4,0,0,0,0,0,0,0,0,0,0,0,0,0,Inocybe
OTU_1466,0,0,0,0,0,0,0,0,0,0,0,0,0,0,0,0,0,0,0,0,0,4,0,0,0,0,0,Helotiales
OTU_1470,0,0,0,0,0,0,0,0,0,0,0,0,0,0,0,0,0,0,4,0,0,0,0,0,0,0,0,Chytridiales
OTU_1471,0,0,0,0,0,0,0,0,0,0,0,0,0,0,0,0,0,0,4,0,0,0,0,0,0,0,0,Chaetothyriales
OTU_1472,0,0,0,0,0,0,0,0,0,0,0,0,0,0,0,0,0,0,4,0,0,0,0,0,0,0,0,Cladophialophora_chaetospira
OTU_1477,0,0,0,0,0,0,0,0,0,0,0,0,0,0,0,0,0,0,0,0,0,0,0,0,4,0,0,Comoclathris_rosae
OTU_1478,0,0,0,0,0,0,0,0,0,0,0,0,0,0,0,0,0,0,0,0,0,0,0,0,4,0,0,Alternaria_leptinellae
OTU_1480,0,0,0,0,0,0,0,0,0,0,0,0,0,0,0,0,0,0,4,0,0,0,0,0,0,0,0,Helotiales
OTU_1484,0,0,0,0,0,0,0,0,0,0,0,0,0,0,0,0,0,0,4,0,0,0,0,0,0,0,0,Gorgomyces
OTU_1485,0,0,0,0,0,0,0,0,0,0,0,0,0,0,0,0,0,0,0,0,0,0,0,0,0,4,0,Helotiales
OTU_1489,0,0,0,0,0,0,0,0,0,0,0,0,0,0,0,0,0,0,0,0,0,0,0,0,0,4,0,Entoloma_vernum
OTU_1491,0,0,0,0,0,0,0,0,0,0,0,0,0,0,0,0,0,0,0,0,0,0,0,0,4,0,0,Paraphoma_fimeti
OTU_1497,0,0,0,0,0,0,0,0,0,0,0,0,0,0,0,0,0,0,0,0,0,0,0,0,4,0,0,Preussia
OTU_1500,0,0,0,0,0,0,0,0,0,0,0,0,0,0,0,0,0,0,0,0,0,0,0,0,4,0,0,Chromelosporium_carneum
OTU_1506,0,0,0,0,0,0,0,0,0,0,0,0,0,0,0,0,0,0,0,0,4,0,0,0,0,0,0,Miniancora_allisoniensis
OTU_1507,0,0,0,0,0,0,0,0,0,0,0,0,0,0,0,0,0,0,0,0,4,0,0,0,0,0,0,Entoloma_serrulatum
OTU_1509,0,0,0,0,0,0,0,0,0,0,0,0,0,0,0,0,0,0,0,0,4,0,0,0,0,0,0,Pseudohyphozyma
OTU_1516,0,0,0,0,0,0,0,0,0,0,0,0,0,0,0,0,0,0,0,0,4,0,0,0,0,0,0,Ophiosphaerella
OTU_1519,0,0,0,0,0,0,0,0,0,0,0,0,0,0,0,0,0,0,0,0,4,0,0,0,0,0,0,Volutella
OTU_1520,0,0,0,0,0,0,0,0,0,0,0,0,0,0,0,0,0,0,0,0,0,0,4,0,0,0,0,Cylindrotrichum
OTU_1522,0,0,0,0,0,0,0,0,0,0,0,4,0,0,0,0,0,0,0,0,0,0,0,0,0,0,0,Xerocomus_subtomentosus
OTU_1523,0,0,0,0,0,0,0,0,0,0,0,4,0,0,0,0,0,0,0,0,0,0,0,0,0,0,0,Sordariales
OTU_1532,0,0,0,0,0,0,0,0,0,0,0,4,0,0,0,0,0,0,0,0,0,0,0,0,0,0,0,Clitopilus_giovanellae
OTU_1533,0,0,0,0,0,0,0,0,0,0,0,0,0,0,4,0,0,0,0,0,0,0,0,0,0,0,0,Sympoventuriaceae
OTU_1534,0,0,0,0,0,0,0,0,0,0,0,0,0,0,4,0,0,0,0,0,0,0,0,0,0,0,0,Pleosporales
OTU_1538,0,0,0,0,0,0,0,0,0,0,0,0,4,0,0,0,0,0,0,0,0,0,0,0,0,0,0,Exophiala
OTU_1542,0,0,0,0,0,0,0,0,0,0,0,0,4,0,0,0,0,0,0,0,0,0,0,0,0,0,0,Entoloma_caeruleopolitum
OTU_1545,0,0,0,0,0,0,0,0,0,0,0,0,0,0,4,0,0,0,0,0,0,0,0,0,0,0,0,Cotylidia_undulata
OTU_1547,0,0,0,0,0,0,0,0,0,0,0,0,0,0,4,0,0,0,0,0,0,0,0,0,0,0,0,Sarcostroma_restionis
OTU_1549,0,0,0,0,0,0,0,0,0,0,0,0,0,0,0,0,0,0,0,0,0,0,4,0,0,0,0,Cyathicula_culmicola
OTU_1550,0,0,0,0,0,0,0,0,0,0,0,0,0,0,4,0,0,0,0,0,0,0,0,0,0,0,0,Sordariomycetes
OTU_1551,0,0,0,0,0,0,0,0,0,0,0,0,0,0,4,0,0,0,0,0,0,0,0,0,0,0,0,Dothideomycetes
OTU_1552,0,0,0,0,0,0,0,0,0,0,0,0,4,0,0,0,0,0,0,0,0,0,0,0,0,0,0,GS22
OTU_1554,0,0,0,0,0,0,0,0,0,0,0,0,0,0,0,0,0,0,0,0,0,0,4,0,0,0,0,Oidiodendron_periconioides
OTU_1558,0,0,0,0,0,0,0,0,0,0,0,0,0,0,0,0,0,0,0,0,0,0,4,0,0,0,0,Dactylonectria_estremocensis
OTU_1560,0,0,0,0,0,0,0,0,0,0,0,0,4,0,0,0,0,0,0,0,0,0,0,0,0,0,0,Mortierella_gamsii
OTU_1568,0,0,0,0,0,0,0,0,0,0,4,0,0,0,0,0,0,0,0,0,0,0,0,0,0,0,0,Pyronemataceae
OTU_1570,0,0,0,0,0,0,0,0,0,0,0,0,0,0,0,0,0,0,0,0,0,0,0,4,0,0,0,Ascomycota
OTU_1575,0,0,0,0,0,0,0,0,0,0,4,0,0,0,0,0,0,0,0,0,0,0,0,0,0,0,0,Entoloma
OTU_1576,0,0,0,0,0,0,0,0,0,0,4,0,0,0,0,0,0,0,0,0,0,0,0,0,0,0,0,Leucosporidium_intermedium
OTU_1585,0,0,0,0,0,0,0,0,0,0,0,0,0,0,0,0,0,0,0,0,0,0,0,4,0,0,0,Spizellomycetales
OTU_1586,0,0,0,0,0,0,0,0,0,0,0,0,0,0,0,0,0,0,0,0,0,0,0,4,0,0,0,Calcarisporiella
OTU_1587,0,0,0,0,0,0,0,0,0,0,0,0,0,0,0,0,0,0,0,0,0,0,0,4,0,0,0,Lactarius_serifluus
OTU_1594,0,0,0,0,0,0,0,0,0,0,0,0,0,0,0,0,0,0,0,0,0,4,0,0,0,0,0,Periconia_macrospinosa
OTU_1595,0,0,0,0,0,0,0,0,0,0,0,0,0,0,0,0,0,0,0,0,0,4,0,0,0,0,0,Helotiales
OTU_1597,0,0,0,0,0,0,0,0,0,0,0,0,0,0,0,0,0,0,0,0,0,4,0,0,0,0,0,Phaeococcomyces
OTU_1600,0,0,0,0,0,0,0,0,0,0,0,0,0,0,0,0,0,0,0,0,0,4,0,0,0,0,0,Agaricostilbales
OTU_1601,0,0,0,0,0,0,0,0,0,0,0,0,0,0,0,0,0,0,0,0,0,4,0,0,0,0,0,Venturiaceae
OTU_1604,0,0,0,0,0,0,0,0,0,0,0,0,0,0,0,0,0,0,0,0,4,0,0,0,0,0,0,Chytridiomycota
OTU_1605,0,0,0,0,0,0,0,0,0,0,0,0,0,0,0,0,0,0,0,0,4,0,0,0,0,0,0,Helotiales
OTU_1606,0,0,0,0,0,0,0,0,0,0,0,0,0,0,0,0,0,0,0,0,4,0,0,0,0,0,0,Agyriales
OTU_1607,0,0,0,0,0,0,0,0,0,0,0,0,0,0,0,0,0,0,0,0,4,0,0,0,0,0,0,Mortierella
OTU_1612,0,0,0,0,0,0,0,0,0,0,0,0,0,0,0,0,0,0,0,0,0,0,0,4,0,0,0,Mortierellales
OTU_1613,0,0,0,0,0,0,0,0,0,0,0,0,0,0,0,0,0,0,0,0,0,0,0,4,0,0,0,Ripartites_tricholoma
OTU_1615,0,0,0,0,0,0,0,0,0,0,0,0,0,0,0,0,0,0,0,0,0,4,0,0,0,0,0,Mycena
OTU_1616,0,0,0,0,0,0,0,0,0,0,0,0,0,0,0,0,0,0,0,0,0,4,0,0,0,0,0,Hymenoscyphus
OTU_1619,0,0,0,0,0,0,0,0,0,0,0,0,0,0,0,0,0,0,0,0,0,4,0,0,0,0,0,Lecythophora
OTU_1622,0,0,0,0,0,0,0,0,0,0,0,0,0,0,0,0,0,0,0,0,0,4,0,0,0,0,0,Fonsecazyma_mujuensis
OTU_1623,0,0,0,0,0,0,0,0,0,0,0,0,0,0,0,0,0,0,0,0,0,4,0,0,0,0,0,Trechisporales
OTU_1624,0,0,0,0,0,0,0,0,0,0,0,0,0,0,0,0,0,0,0,0,0,0,0,4,0,0,0,Chaetothyriales
OTU_1625,0,0,0,0,0,0,0,0,0,0,0,0,0,0,0,4,0,0,0,0,0,0,0,0,0,0,0,Inocybe_auricomella
OTU_1635,0,0,0,0,0,0,0,0,0,4,0,0,0,0,0,0,0,0,0,0,0,0,0,0,0,0,0,Fonsecazyma_mujuensis
OTU_1637,0,0,4,0,0,0,0,0,0,0,0,0,0,0,0,0,0,0,0,0,0,0,0,0,0,0,0,Lecanora_pulicaris
OTU_1638,0,0,4,0,0,0,0,0,0,0,0,0,0,0,0,0,0,0,0,0,0,0,0,0,0,0,0,Skyttea_nitschkei
OTU_1641,0,0,4,0,0,0,0,0,0,0,0,0,0,0,0,0,0,0,0,0,0,0,0,0,0,0,0,Penicillium
OTU_1648,0,0,4,0,0,0,0,0,0,0,0,0,0,0,0,0,0,0,0,0,0,0,0,0,0,0,0,Tomentella
OTU_1654,0,0,4,0,0,0,0,0,0,0,0,0,0,0,0,0,0,0,0,0,0,0,0,0,0,0,0,Cryptotrichosporon
OTU_1655,0,0,4,0,0,0,0,0,0,0,0,0,0,0,0,0,0,0,0,0,0,0,0,0,0,0,0,Eurotiomycetes
OTU_1661,0,0,0,4,0,0,0,0,0,0,0,0,0,0,0,0,0,0,0,0,0,0,0,0,0,0,0,Tomentella
OTU_1663,0,0,0,4,0,0,0,0,0,0,0,0,0,0,0,0,0,0,0,0,0,0,0,0,0,0,0,Entolomataceae
OTU_1669,0,0,0,4,0,0,0,0,0,0,0,0,0,0,0,0,0,0,0,0,0,0,0,0,0,0,0,Metarhizium_marquandii
OTU_1670,0,0,0,4,0,0,0,0,0,0,0,0,0,0,0,0,0,0,0,0,0,0,0,0,0,0,0,Dactylaria_dimorphospora
OTU_1671,0,0,0,4,0,0,0,0,0,0,0,0,0,0,0,0,0,0,0,0,0,0,0,0,0,0,0,Lepiota_farinolens
OTU_1673,0,0,0,4,0,0,0,0,0,0,0,0,0,0,0,0,0,0,0,0,0,0,0,0,0,0,0,Mortierella
OTU_1674,0,0,0,4,0,0,0,0,0,0,0,0,0,0,0,0,0,0,0,0,0,0,0,0,0,0,0,Oidiodendron
OTU_1678,0,0,0,4,0,0,0,0,0,0,0,0,0,0,0,0,0,0,0,0,0,0,0,0,0,0,0,Pezizaceae
OTU_1681,4,0,0,0,0,0,0,0,0,0,0,0,0,0,0,0,0,0,0,0,0,0,0,0,0,0,0,GS37
OTU_1685,4,0,0,0,0,0,0,0,0,0,0,0,0,0,0,0,0,0,0,0,0,0,0,0,0,0,0,Lasiosphaeriaceae
OTU_1686,4,0,0,0,0,0,0,0,0,0,0,0,0,0,0,0,0,0,0,0,0,0,0,0,0,0,0,Helotiales
OTU_1687,4,0,0,0,0,0,0,0,0,0,0,0,0,0,0,0,0,0,0,0,0,0,0,0,0,0,0,GS22
OTU_1688,4,0,0,0,0,0,0,0,0,0,0,0,0,0,0,0,0,0,0,0,0,0,0,0,0,0,0,Genolevuria_amylolytica
OTU_1692,4,0,0,0,0,0,0,0,0,0,0,0,0,0,0,0,0,0,0,0,0,0,0,0,0,0,0,Capnodiales
OTU_1695,4,0,0,0,0,0,0,0,0,0,0,0,0,0,0,0,0,0,0,0,0,0,0,0,0,0,0,Dothidea_eucalypti
OTU_1700,4,0,0,0,0,0,0,0,0,0,0,0,0,0,0,0,0,0,0,0,0,0,0,0,0,0,0,Pleosporales
OTU_1702,4,0,0,0,0,0,0,0,0,0,0,0,0,0,0,0,0,0,0,0,0,0,0,0,0,0,0,Psathyrella_seminuda
OTU_1705,4,0,0,0,0,0,0,0,0,0,0,0,0,0,0,0,0,0,0,0,0,0,0,0,0,0,0,Helotiales
OTU_1709,0,4,0,0,0,0,0,0,0,0,0,0,0,0,0,0,0,0,0,0,0,0,0,0,0,0,0,Orbiliomycetes
OTU_1710,0,4,0,0,0,0,0,0,0,0,0,0,0,0,0,0,0,0,0,0,0,0,0,0,0,0,0,Mycena
OTU_1711,0,4,0,0,0,0,0,0,0,0,0,0,0,0,0,0,0,0,0,0,0,0,0,0,0,0,0,Talaromyces
OTU_1712,0,4,0,0,0,0,0,0,0,0,0,0,0,0,0,0,0,0,0,0,0,0,0,0,0,0,0,Cadophora
OTU_1721,0,0,0,0,0,0,0,4,0,0,0,0,0,0,0,0,0,0,0,0,0,0,0,0,0,0,0,Metarhizium_marquandii
OTU_1723,0,0,0,0,0,0,0,4,0,0,0,0,0,0,0,0,0,0,0,0,0,0,0,0,0,0,0,Acremonium
OTU_1731,0,0,0,0,0,0,0,0,4,0,0,0,0,0,0,0,0,0,0,0,0,0,0,0,0,0,0,Hypochnicium_cremicolor
OTU_1738,0,0,0,0,0,0,4,0,0,0,0,0,0,0,0,0,0,0,0,0,0,0,0,0,0,0,0,Agaricales
OTU_1740,0,0,0,0,0,0,0,0,4,0,0,0,0,0,0,0,0,0,0,0,0,0,0,0,0,0,0,Tomentella_lapida
OTU_1743,0,0,0,0,0,0,0,0,0,4,0,0,0,0,0,0,0,0,0,0,0,0,0,0,0,0,0,Serendipita
OTU_1744,0,0,0,0,0,0,0,0,4,0,0,0,0,0,0,0,0,0,0,0,0,0,0,0,0,0,0,Botryosphaeriales
OTU_1745,0,0,0,0,0,0,0,0,4,0,0,0,0,0,0,0,0,0,0,0,0,0,0,0,0,0,0,Agaricales
OTU_1746,0,0,0,0,0,0,0,0,4,0,0,0,0,0,0,0,0,0,0,0,0,0,0,0,0,0,0,Russula_delica
OTU_1747,0,0,0,0,0,4,0,0,0,0,0,0,0,0,0,0,0,0,0,0,0,0,0,0,0,0,0,Agaricales
OTU_1749,0,0,0,0,0,4,0,0,0,0,0,0,0,0,0,0,0,0,0,0,0,0,0,0,0,0,0,Eurotiomycetes
OTU_1757,0,0,0,0,0,4,0,0,0,0,0,0,0,0,0,0,0,0,0,0,0,0,0,0,0,0,0,Tomentella
OTU_1758,0,0,0,0,0,4,0,0,0,0,0,0,0,0,0,0,0,0,0,0,0,0,0,0,0,0,0,Mortierella
OTU_1761,0,0,0,0,4,0,0,0,0,0,0,0,0,0,0,0,0,0,0,0,0,0,0,0,0,0,0,Leotiomycetes
OTU_1763,0,0,0,0,4,0,0,0,0,0,0,0,0,0,0,0,0,0,0,0,0,0,0,0,0,0,0,Tilletia_puccinelliae
OTU_1765,0,0,0,0,4,0,0,0,0,0,0,0,0,0,0,0,0,0,0,0,0,0,0,0,0,0,0,Lasiosphaeriaceae
OTU_1766,0,0,0,0,4,0,0,0,0,0,0,0,0,0,0,0,0,0,0,0,0,0,0,0,0,0,0,Tomentella
OTU_1771,0,0,0,0,4,0,0,0,0,0,0,0,0,0,0,0,0,0,0,0,0,0,0,0,0,0,0,Ascomycota
OTU_1774,0,0,0,0,4,0,0,0,0,0,0,0,0,0,0,0,0,0,0,0,0,0,0,0,0,0,0,Coniochaetaceae
OTU_1775,0,0,0,0,4,0,0,0,0,0,0,0,0,0,0,0,0,0,0,0,0,0,0,0,0,0,0,Chaetothyriales
OTU_1776,0,0,0,0,4,0,0,0,0,0,0,0,0,0,0,0,0,0,0,0,0,0,0,0,0,0,0,Endophragmiella_dimorphospora
OTU_1786,0,0,0,0,0,0,4,0,0,0,0,0,0,0,0,0,0,0,0,0,0,0,0,0,0,0,0,Rhizophydiales
OTU_1788,0,0,0,0,0,0,4,0,0,0,0,0,0,0,0,0,0,0,0,0,0,0,0,0,0,0,0,Microbotryomycetes
OTU_1789,0,0,0,0,0,0,4,0,0,0,0,0,0,0,0,0,0,0,0,0,0,0,0,0,0,0,0,Ascomycota
OTU_1793,0,0,0,0,0,4,0,0,0,0,0,0,0,0,0,0,0,0,0,0,0,0,0,0,0,0,0,Sporidiobolales
OTU_1795,0,0,0,0,0,4,0,0,0,0,0,0,0,0,0,0,0,0,0,0,0,0,0,0,0,0,0,Lyophyllum
OTU_1796,0,0,0,0,0,4,0,0,0,0,0,0,0,0,0,0,0,0,0,0,0,0,0,0,0,0,0,Mortierellales
